
Generating formation for segment 1_0 -> 1_1 with UAV IDs: ['agent_1_0', 'agent_1_1', 'agent_1_2', 'agent_1_3', 'agent_1_4', 'agent_1_5']
Segment 1_0 -> 1_1 formation trajectories:
  UAV ID: agent_1_0,traj len: 15 ,Trajectory :
 [
  [
    122.09740434592243,
    16.031747477481296,
    220.88784929201088
  ],
  [
    122.09835188982733,
    16.03759105649011,
    206.62454475731636
  ],
  [
    122.09715541644324,
    16.03551625951471,
    204.0837500674671
  ],
  [
    122.09652436515921,
    16.033461916010673,
    201.09099239120684
  ],
  [
    122.09628152151437,
    16.03149546020288,
    197.56591546974332
  ],
  [
    122.09625486749233,
    16.029675360853354,
    193.41378777645468
  ],
  [
    122.09636931860845,
    16.027965760709783,
    188.52297171392738
  ],
  [
    122.09649398038972,
    16.026360767779092,
    182.76194185676297
  ],
  [
    122.09653319005821,
    16.0248266437901,
    175.97578274880087
  ],
  [
    122.09646681491394,
    16.02340992538649,
    167.98206645060745
  ],
  [
    122.096214908178,
    16.022043622409345,
    158.5658549449866
  ],
  [
    122.09570572953616,
    16.020739094306734,
    147.47389890808947
  ],
  [
    122.09494182390755,
    16.019569236946282,
    134.4080224757369
  ],
  [
    122.09385592180082,
    16.01852481508457,
    119.01689591682585
  ],
  [
    122.0924357632021,
    16.018022589221978,
    100.8870043505021
  ]
]
  UAV ID: agent_1_1,traj len: 15 ,Trajectory :
 [
  [
    122.09721882538308,
    23.671172663271037,
    214.38579692884946
  ],
  [
    122.09778863253248,
    23.67490706046902,
    200.12000881472133
  ],
  [
    122.09688850680908,
    23.673150643433903,
    197.57957336556353
  ],
  [
    122.09640371689692,
    23.671435911089908,
    194.58722260452694
  ],
  [
    122.09620083247002,
    23.669757360002574,
    191.06247782194532
  ],
  [
    122.09621029450125,
    23.66819084744639,
    186.9106436888317
  ],
  [
    122.09624458683813,
    23.666671499639236,
    182.02006693294973
  ],
  [
    122.096317197691,
    23.665253052282633,
    176.2592428178881
  ],
  [
    122.09629624427065,
    23.663888907512803,
    169.4733059085122
  ],
  [
    122.09613883478254,
    23.66260113193512,
    161.47975097424754
  ],
  [
    122.09583084336558,
    23.661378850769054,
    152.06367232874706
  ],
  [
    122.09525253576349,
    23.660190189616188,
    140.97187503243651
  ],
  [
    122.0944618071915,
    23.659124506741566,
    127.90613674418157
  ],
  [
    122.09333496972481,
    23.658209493792466,
    112.51512710470072
  ],
  [
    122.09189574973259,
    23.657707085879107,
    94.38525899997931
  ]
]
  UAV ID: agent_1_2,traj len: 15 ,Trajectory :
 [
  [
    122.09703915873429,
    30.35151379036863,
    206.9253395861449
  ],
  [
    122.09712512290932,
    30.352827584644814,
    192.65737310510198
  ],
  [
    122.0965701159549,
    30.351464811606064,
    190.1173314697598
  ],
  [
    122.09627572345264,
    30.350108354149903,
    187.1252691367589
  ],
  [
    122.09614587739196,
    30.34878332924528,
    183.60083478118057
  ],
  [
    122.09612143973214,
    30.347472522573355,
    179.44923423567005
  ],
  [
    122.09613107809999,
    30.346213276762718,
    174.55888392948998
  ],
  [
    122.09612756370498,
    30.34501466165454,
    168.79824526203032
  ],
  [
    122.09602579084164,
    30.3438583835732,
    162.0124862103416
  ],
  [
    122.09575892539972,
    30.342717967416252,
    154.01907481253542
  ],
  [
    122.09536735645173,
    30.341615961534746,
    144.60313999461843
  ],
  [
    122.09475072327585,
    30.340608070316524,
    133.51147436354816
  ],
  [
    122.09388408130633,
    30.33965313920028,
    120.44584545789442
  ],
  [
    122.09274105654855,
    30.338856277512345,
    105.05496240894176
  ],
  [
    122.09131332651592,
    30.338359282149433,
    86.92505656985452
  ]
]
  UAV ID: agent_1_3,traj len: 15 ,Trajectory :
 [
  [
    122.0968618102962,
    37.56535762603113,
    200.00000008638713
  ],
  [
    122.09650024605966,
    37.5644044839172,
    185.72969466859323
  ],
  [
    122.09626848939277,
    37.56340859650696,
    183.18997369003185
  ],
  [
    122.09617959747867,
    37.56240718223956,
    180.19828089954134
  ],
  [
    122.09608307139713,
    37.561351493097256,
    176.67417279548755
  ],
  [
    122.09606598041445,
    37.560330508191065,
    172.52285971343795
  ],
  [
    122.09602547744387,
    37.55931927667431,
    167.63274396429543
  ],
  [
    122.09591589947362,
    37.55831498914945,
    161.8723262962328
  ],
  [
    122.09573863643212,
    37.55730307469055,
    155.08671845578382
  ],
  [
    122.09540788344397,
    37.556319420870686,
    147.0934772414362
  ],
  [
    122.09494131440835,
    37.55536852976693,
    137.67770187312476
  ],
  [
    122.09428140371814,
    37.55447285680928,
    126.5861545364597
  ],
  [
    122.0933618072681,
    37.55365005350153,
    113.5206625306342
  ],
  [
    122.09221293031328,
    37.55297829601073,
    98.12987720573915
  ],
  [
    122.09078134876164,
    37.55249094463267,
    79.99999135655038
  ]
]
  UAV ID: agent_1_4,traj len: 15 ,Trajectory :
 [
  [
    122.0970426430212,
    44.920900948963926,
    206.7746471581437
  ],
  [
    122.09711287395439,
    44.92218538723181,
    192.50194567877102
  ],
  [
    122.09657141037658,
    44.92082075883517,
    189.96262031356164
  ],
  [
    122.09627435181133,
    44.9194778805486,
    186.97131364219874
  ],
  [
    122.09614498740257,
    44.918136915276754,
    183.44750442229187
  ],
  [
    122.09614152360967,
    44.91684903994036,
    179.29646361949327
  ],
  [
    122.09612559164218,
    44.91560765954242,
    174.40658375296087
  ],
  [
    122.09609551072894,
    44.91438388116463,
    168.64638604025535
  ],
  [
    122.09598131371742,
    44.91322082763262,
    161.8609671091548
  ],
  [
    122.0957599862261,
    44.912092734820526,
    153.8678991745132
  ],
  [
    122.09537824185766,
    44.91099428119573,
    144.45225127853823
  ],
  [
    122.0947367117235,
    44.909975389677705,
    133.36081376201696
  ],
  [
    122.09387614643333,
    44.90905098403203,
    120.29547328605103
  ],
  [
    122.09273081219676,
    44.90827700413504,
    104.90481591457814
  ],
  [
    122.09130626765656,
    44.90776033848188,
    86.7749700165408
  ]
]
  UAV ID: agent_1_5,traj len: 15 ,Trajectory :
 [
  [
    122.09722647437493,
    51.466912646483514,
    214.37870607695592
  ],
  [
    122.0977779040605,
    51.470659538216,
    200.10382748004454
  ],
  [
    122.09688002898235,
    51.468911226080685,
    197.56487362845536
  ],
  [
    122.09640583772372,
    51.46718434623137,
    194.57384620954852
  ],
  [
    122.0962067707667,
    51.46550893445094,
    191.05036466875583
  ],
  [
    122.09621191208792,
    51.4639409041805,
    186.89959034689454
  ],
  [
    122.09625196804926,
    51.462451530510144,
    182.00991069230457
  ],
  [
    122.09630857283032,
    51.46100648733081,
    176.24989774371377
  ],
  [
    122.09630124493133,
    51.45967216241368,
    169.4646276879991
  ],
  [
    122.09613503046099,
    51.45836144503707,
    161.4717014445315
  ],
  [
    122.09579992112654,
    51.45712995069427,
    152.05616987255863
  ],
  [
    122.09527647299022,
    51.455963332359126,
    140.96492562529883
  ],
  [
    122.0944695328467,
    51.4548943464102,
    127.89965872422025
  ],
  [
    122.09337211895574,
    51.453963499341775,
    112.50913097491333
  ],
  [
    122.09192337052134,
    51.45348109764003,
    94.37922457670017
  ]
]

Generating formation for segment 1_1 -> 1_2 with UAV IDs: ['agent_1_0', 'agent_1_1', 'agent_1_2', 'agent_1_3', 'agent_1_4', 'agent_1_5']
Segment 1_1 -> 1_2 formation trajectories:
  UAV ID: agent_1_0,traj len: 15 ,Trajectory :
 [
  [
    122.0895614694552,
    59.75067308861742,
    59.8197976291075
  ],
  [
    122.09061999870315,
    59.751440340244244,
    65.53453145268311
  ],
  [
    122.09133751579421,
    59.75202213234783,
    71.24918310573716
  ],
  [
    122.09175556391209,
    59.75241712693775,
    76.96375664466424
  ],
  [
    122.09192353555565,
    59.7526848645095,
    82.67824364797086
  ],
  [
    122.09184894230835,
    59.752843547572574,
    88.39267502479616
  ],
  [
    122.09162788149288,
    59.752900844593604,
    94.10703071530487
  ],
  [
    122.09124568481745,
    59.75286205802689,
    99.82129796124899
  ],
  [
    122.09089040682194,
    59.75285448425534,
    105.53559439977941
  ],
  [
    122.09057138484845,
    59.75284613948526,
    111.24991734560246
  ],
  [
    122.09032213623841,
    59.752824841311124,
    116.96420910586316
  ],
  [
    122.09006601308842,
    59.75283361164424,
    122.67852817237309
  ],
  [
    122.0898406880114,
    59.7528213132661,
    128.39285267814697
  ],
  [
    122.08965069056237,
    59.75283067567745,
    134.10721121516352
  ],
  [
    122.08938796912402,
    59.752769307319205,
    139.82150541321133
  ]
]
  UAV ID: agent_1_1,traj len: 15 ,Trajectory :
 [
  [
    122.08987865219372,
    50.988558300695686,
    65.18540820668335
  ],
  [
    122.09075416237638,
    50.98921143580739,
    70.89995824878324
  ],
  [
    122.09133041324276,
    50.9896934384073,
    76.61447913683126
  ],
  [
    122.0916044842447,
    50.99005508939321,
    82.32892961379456
  ],
  [
    122.09169928463952,
    50.99028201209341,
    88.0433190161379
  ],
  [
    122.09157848393305,
    50.99038035713583,
    93.75771298289861
  ],
  [
    122.09132499645933,
    50.990406158172604,
    99.47204200570822
  ],
  [
    122.09097887129657,
    50.99040248307512,
    105.18634675052135
  ],
  [
    122.09064526266684,
    50.99035395800521,
    110.9005925229056
  ],
  [
    122.09034300500468,
    50.99036646271607,
    116.61488510372067
  ],
  [
    122.09009528762161,
    50.990335546864245,
    122.32918394182143
  ],
  [
    122.08984518155128,
    50.99033202848801,
    128.0435045854476
  ],
  [
    122.08961190844516,
    50.9903281463064,
    133.75783019476086
  ],
  [
    122.08939526374151,
    50.99031277501401,
    139.47215951837254
  ],
  [
    122.08915708073066,
    50.99021432272811,
    145.18641848664825
  ]
]
  UAV ID: agent_1_2,traj len: 15 ,Trajectory :
 [
  [
    122.09033922871527,
    44.530581589657494,
    72.83717511758836
  ],
  [
    122.09093985817353,
    44.531076754388444,
    78.55159093610364
  ],
  [
    122.09125731450878,
    44.531450898392876,
    84.2659776136372
  ],
  [
    122.09140643333019,
    44.53169738888511,
    89.9803500688754
  ],
  [
    122.09138873336407,
    44.53184156598141,
    95.6947161554912
  ],
  [
    122.09121471180865,
    44.531924338340325,
    101.40904037084194
  ],
  [
    122.09091810030843,
    44.53191552130463,
    107.1233564889558
  ],
  [
    122.09060752548523,
    44.5318866915357,
    112.83764341392617
  ],
  [
    122.09029342840138,
    44.531874822236354,
    118.55193035719643
  ],
  [
    122.09002298535862,
    44.531862294799836,
    124.26619337706673
  ],
  [
    122.08976320536979,
    44.531821367080745,
    129.9804886343064
  ],
  [
    122.08953289108314,
    44.531821258875006,
    135.69480862635723
  ],
  [
    122.0893002138913,
    44.531778123361974,
    141.4091046399142
  ],
  [
    122.08908579222404,
    44.5317306419578,
    147.12343274374967
  ],
  [
    122.0888277796762,
    44.53166302419299,
    152.83770397296954
  ]
]
  UAV ID: agent_1_3,traj len: 15 ,Trajectory :
 [
  [
    122.0907724853203,
    37.55248919817777,
    79.99999370835965
  ],
  [
    122.09112541015487,
    37.55284359674982,
    85.71428426089939
  ],
  [
    122.09125477861784,
    37.55309143301628,
    91.42857541660793
  ],
  [
    122.09123107571891,
    37.55324855855726,
    97.14285665213684
  ],
  [
    122.09109917787745,
    37.55334288783703,
    102.85715840282477
  ],
  [
    122.09084586697708,
    37.55335250744226,
    108.57141513078997
  ],
  [
    122.09054320085308,
    37.55333757053721,
    114.28571133840097
  ],
  [
    122.09024608786983,
    37.5533013830279,
    120.0000035764999
  ],
  [
    122.08997458316617,
    37.553307076004266,
    125.71428525240181
  ],
  [
    122.089715074624,
    37.55327203036764,
    131.42857647859998
  ],
  [
    122.08947856229774,
    37.55323962887767,
    137.14285804660634
  ],
  [
    122.08923582944028,
    37.553219377721724,
    142.8571327114642
  ],
  [
    122.08900852472132,
    37.55316040740943,
    148.57141459787437
  ],
  [
    122.08877903064196,
    37.553093596204505,
    154.28572299550117
  ],
  [
    122.08851937043319,
    37.55301757582602,
    160.00000110955867
  ]
]
  UAV ID: agent_1_4,traj len: 15 ,Trajectory :
 [
  [
    122.09033473830688,
    30.49794292774869,
    72.91243932279227
  ],
  [
    122.09095594595898,
    30.49846560094432,
    78.62657958553396
  ],
  [
    122.09127637326048,
    30.498820942259233,
    84.34075781699498
  ],
  [
    122.0914132490707,
    30.499063989131077,
    90.05494634374529
  ],
  [
    122.0913706731297,
    30.49921000774359,
    95.76917840961639
  ],
  [
    122.0911959331331,
    30.49929130476463,
    101.48340536591509
  ],
  [
    122.09091235113286,
    30.499272747347856,
    107.19767522119692
  ],
  [
    122.09059767141477,
    30.49927737343901,
    112.91196002460981
  ],
  [
    122.090299684776,
    30.499230744829063,
    118.62625173948462
  ],
  [
    122.09001359170172,
    30.49921187759861,
    124.34051303334616
  ],
  [
    122.0897605842885,
    30.49921323496537,
    130.05482095625797
  ],
  [
    122.0895331136881,
    30.499185808819767,
    135.7690946076799
  ],
  [
    122.08929836755681,
    30.49913949875646,
    141.4833218671585
  ],
  [
    122.08907423298791,
    30.499116168392735,
    147.1976218555348
  ],
  [
    122.08880672369536,
    30.499028371655093,
    152.91188914336973
  ]
]
  UAV ID: agent_1_5,traj len: 15 ,Trajectory :
 [
  [
    122.0899262982111,
    23.58165416484567,
    65.6886112019735
  ],
  [
    122.09075570943658,
    23.582295447651266,
    71.40261886660743
  ],
  [
    122.09130931215876,
    23.582778007177588,
    77.11666675380353
  ],
  [
    122.09163182111699,
    23.583093552238463,
    82.83079624194092
  ],
  [
    122.09167982169278,
    23.58334778031917,
    88.5449405299127
  ],
  [
    122.09156250438417,
    23.583428374411824,
    94.25914132711512
  ],
  [
    122.09131687552097,
    23.583482468262616,
    99.97339104283307
  ],
  [
    122.09094921130767,
    23.58346289737112,
    105.68765991899242
  ],
  [
    122.09061731364379,
    23.583425209167896,
    111.40198061125011
  ],
  [
    122.09033737736756,
    23.583419523775262,
    117.11624131155186
  ],
  [
    122.09006182144066,
    23.58339004499851,
    122.83050560874875
  ],
  [
    122.08983438993717,
    23.583397980976958,
    128.54477993589688
  ],
  [
    122.08959445198292,
    23.583384791420055,
    134.25900697228346
  ],
  [
    122.08938659884888,
    23.58335410848258,
    139.97325196046503
  ],
  [
    122.08912452196444,
    23.58330274510797,
    145.68754589285356
  ]
]

Generating formation for segment 1_2 -> 3_0 with UAV IDs: ['agent_1_0', 'agent_1_1', 'agent_1_2', 'agent_1_3', 'agent_1_4', 'agent_1_5']
Segment 1_2 -> 3_0 formation trajectories:
  UAV ID: agent_1_0,traj len: 15 ,Trajectory :
 [
  [
    122.08780822395299,
    15.440322005327602,
    180.27383826126845
  ],
  [
    122.08314074815075,
    15.444418938689427,
    168.63815100427934
  ],
  [
    122.08432465300237,
    15.443846976171221,
    167.29762186656953
  ],
  [
    122.08535230504593,
    15.443170685532646,
    165.80268385015748
  ],
  [
    122.08619967439718,
    15.442435508372112,
    164.13560470201276
  ],
  [
    122.08693148667433,
    15.441625410339407,
    162.27659099061546
  ],
  [
    122.08756134774552,
    15.44081793008206,
    160.2035620922741
  ],
  [
    122.088135456756,
    15.440037672146854,
    157.8919051490029
  ],
  [
    122.08868137318967,
    15.439281950489493,
    155.31418421004958
  ],
  [
    122.089170464127,
    15.438545985205195,
    152.43970427234726
  ],
  [
    122.08969136641078,
    15.437869664886508,
    149.23435642222609
  ],
  [
    122.0902319264058,
    15.4372259711952,
    145.65999305646352
  ],
  [
    122.09081269945457,
    15.436673401402269,
    141.67419425710227
  ],
  [
    122.09144853396022,
    15.436197421506305,
    137.22950756333233
  ],
  [
    122.09200426076282,
    15.436158156226274,
    132.27355247665386
  ]
]
  UAV ID: agent_1_1,traj len: 15 ,Trajectory :
 [
  [
    122.08804533613241,
    22.80027260065775,
    173.50393377318554
  ],
  [
    122.08507008166538,
    22.802888623591123,
    161.86665019826685
  ],
  [
    122.08601628259211,
    22.802400604288977,
    160.52620699971186
  ],
  [
    122.08679089544987,
    22.80184312639695,
    159.03139214564013
  ],
  [
    122.08748539451554,
    22.80120257489409,
    157.36443462593118
  ],
  [
    122.0880872514225,
    22.800576418123555,
    155.50556673089832
  ],
  [
    122.08862701696502,
    22.799907866474253,
    153.4327296802715
  ],
  [
    122.08913367060147,
    22.799276325280665,
    151.12125139720175
  ],
  [
    122.0896009703604,
    22.79865382451329,
    148.54365240308022
  ],
  [
    122.09006951153772,
    22.798062141515263,
    145.66934017871213
  ],
  [
    122.0905649821955,
    22.7975136341925,
    142.46411964610084
  ],
  [
    122.09106697172835,
    22.797029348004088,
    138.88991684277127
  ],
  [
    122.09163908540306,
    22.79659963523274,
    134.90423029346974
  ],
  [
    122.09221994569278,
    22.79624099490439,
    130.45972183877106
  ],
  [
    122.09278275331349,
    22.796163093098347,
    125.5037033045641
  ]
]
  UAV ID: agent_1_2,traj len: 15 ,Trajectory :
 [
  [
    122.0882982872721,
    30.135872812793682,
    166.70713406720446
  ],
  [
    122.08700581029278,
    30.13702017957576,
    155.0682612363905
  ],
  [
    122.08765183146122,
    30.136620487707958,
    153.72792872437486
  ],
  [
    122.08824417432338,
    30.13615622146228,
    152.23322993299712
  ],
  [
    122.08875749274665,
    30.135658463856466,
    150.56643537454556
  ],
  [
    122.08922833543834,
    30.135165316964393,
    148.70770917494858
  ],
  [
    122.0896831926667,
    30.134669690241896,
    146.635008292801
  ],
  [
    122.09011515138573,
    30.134183515082867,
    144.32368983094702
  ],
  [
    122.09055168311014,
    30.133686966211403,
    141.74625743399415
  ],
  [
    122.0909735534177,
    30.133247985996768,
    138.8720968682405
  ],
  [
    122.09142784664809,
    30.132851395040404,
    135.66704338741357
  ],
  [
    122.0919242887242,
    30.13248528642897,
    132.09297967062577
  ],
  [
    122.09243360632186,
    30.13217771781586,
    128.10743368059116
  ],
  [
    122.09299783110643,
    30.131934160804718,
    123.66303186169733
  ],
  [
    122.09358963618467,
    30.131867278823904,
    118.70705334625947
  ]
]
  UAV ID: agent_1_3,traj len: 15 ,Trajectory :
 [
  [
    122.08852047300108,
    37.55302226364848,
    159.99999923263985
  ],
  [
    122.08892144081071,
    37.5527298092836,
    148.35951609092555
  ],
  [
    122.08930441226363,
    37.5524108198525,
    147.0192615936815
  ],
  [
    122.08966564993963,
    37.55207379380605,
    145.52468668233624
  ],
  [
    122.09002854476125,
    37.5517112628262,
    143.85803225566346
  ],
  [
    122.09036552412512,
    37.55134152388752,
    141.9994924204199
  ],
  [
    122.09072928263829,
    37.55099982191068,
    139.92697401013635
  ],
  [
    122.09109845529828,
    37.55063460620217,
    137.61576802363626
  ],
  [
    122.09145946426682,
    37.550323422301034,
    135.0385246818107
  ],
  [
    122.091862381075,
    37.550013716466324,
    132.1645201694961
  ],
  [
    122.092291220489,
    37.549738287844974,
    128.95960386857075
  ],
  [
    122.092728000502,
    37.549494118236204,
    125.38568848189894
  ],
  [
    122.09324029612388,
    37.549303439503994,
    121.4002736503013
  ],
  [
    122.09376534278914,
    37.549198231139535,
    116.95597847054553
  ],
  [
    122.09432551764817,
    37.549138476159484,
    111.9999887471864
  ]
]
  UAV ID: agent_1_4,traj len: 15 ,Trajectory :
 [
  [
    122.0882567269603,
    44.79137407089828,
    166.89972525875268
  ],
  [
    122.08695196782033,
    44.79255422730581,
    155.25769448439507
  ],
  [
    122.08762347934633,
    44.79217012115496,
    153.91753106811987
  ],
  [
    122.08819817402849,
    44.79171955279986,
    152.4230547295131
  ],
  [
    122.08871620860059,
    44.791225383413405,
    150.7565406420822
  ],
  [
    122.08920745069989,
    44.79071000092663,
    148.89815938968573
  ],
  [
    122.08964866991559,
    44.79021445635656,
    146.8257572386168
  ],
  [
    122.09009305072297,
    44.789702924831715,
    144.514771158978
  ],
  [
    122.09052457960597,
    44.78923980368175,
    141.9376628135779
  ],
  [
    122.0909513045615,
    44.78876489188691,
    139.06380706870394
  ],
  [
    122.09139825730749,
    44.788363550678746,
    135.85904826069506
  ],
  [
    122.09190426495283,
    44.7879821521923,
    132.28525480805015
  ],
  [
    122.09242105788212,
    44.78768905969019,
    128.29999690179682
  ],
  [
    122.09299371146591,
    44.787443029011875,
    123.85582357707968
  ],
  [
    122.09355928097486,
    44.787354773914586,
    118.89983824515781
  ]
]
  UAV ID: agent_1_5,traj len: 15 ,Trajectory :
 [
  [
    122.08806420662309,
    52.36480953757462,
    173.4391425547808
  ],
  [
    122.08507972179169,
    52.36741854230754,
    161.7955015505279
  ],
  [
    122.08601847618054,
    52.36693360193956,
    160.45541371154465
  ],
  [
    122.08681256760335,
    52.366379073272725,
    158.96107879750667
  ],
  [
    122.08749521695505,
    52.365750005186456,
    157.29471893185467
  ],
  [
    122.08809240642239,
    52.365097666373934,
    155.43648331324619
  ],
  [
    122.0886347622056,
    52.3644544247778,
    153.36428336477437
  ],
  [
    122.08911573491801,
    52.36380758644188,
    151.0534277447198
  ],
  [
    122.0896090976435,
    52.363181809773934,
    148.476485618026
  ],
  [
    122.09008551930167,
    52.362614195093165,
    145.60278264550763
  ],
  [
    122.09058779866044,
    52.362057294530196,
    142.39816317354743
  ],
  [
    122.09107583420888,
    52.36156444388871,
    138.82451698741525
  ],
  [
    122.09164939478786,
    52.36111862558768,
    134.83938939094597
  ],
  [
    122.09224040439301,
    52.36078008770242,
    130.3953499299736
  ],
  [
    122.09278785829414,
    52.36072218604615,
    125.43938201836774
  ]
]

Generating formation for segment 3_0 -> 3_1 with UAV IDs: ['agent_1_0', 'agent_1_1', 'agent_1_2', 'agent_1_3', 'agent_1_4', 'agent_1_5', 'agent_2_0', 'agent_2_1', 'agent_2_2', 'agent_2_3', 'agent_2_4', 'agent_2_5', 'agent_2_6', 'agent_2_7']
Segment 3_0 -> 3_1 formation trajectories:
  UAV ID: agent_1_0,traj len: 15 ,Trajectory :
 [
  [
    122.09398288659366,
    16.96711633962419,
    133.82615977764846
  ],
  [
    122.0942536542811,
    16.966851653426097,
    113.97034667527473
  ],
  [
    122.09450492574342,
    16.966563651532105,
    98.0258755743178
  ],
  [
    122.09472106355909,
    16.96629738456032,
    85.22227869741484
  ],
  [
    122.09484570512136,
    16.96609798670771,
    74.94083532843737
  ],
  [
    122.0949234479504,
    16.965923188897094,
    66.68476652645217
  ],
  [
    122.09494092120714,
    16.96580131904454,
    60.0551407913937
  ],
  [
    122.09481652293589,
    16.965736057005255,
    54.731540968152075
  ],
  [
    122.09455541724697,
    16.965720487807157,
    50.45672328077522
  ],
  [
    122.09406012952114,
    16.965778533745365,
    47.02410890056479
  ],
  [
    122.09326927480478,
    16.965846060932332,
    44.2677219879961
  ],
  [
    122.09201773607894,
    16.96588692410898,
    42.05435871304565
  ],
  [
    122.09018478513595,
    16.96580210302565,
    40.27689306286733
  ],
  [
    122.0965312257865,
    16.9618661569753,
    38.84594518405579
  ],
  [
    122.09711639310895,
    16.961638314514893,
    33.02653594938227
  ]
]
  UAV ID: agent_1_1,traj len: 15 ,Trajectory :
 [
  [
    122.09404115287727,
    19.13886935834501,
    129.95235539896544
  ],
  [
    122.09433883609836,
    19.138549509559034,
    110.09654402151165
  ],
  [
    122.0945840161301,
    19.13825756182495,
    94.15204494634587
  ],
  [
    122.09480586795921,
    19.137955897200946,
    81.34839968157841
  ],
  [
    122.09496072060196,
    19.137687569057324,
    71.06694397457967
  ],
  [
    122.09508939730067,
    19.137462948116678,
    62.810854222708436
  ],
  [
    122.09513672856934,
    19.13726166938518,
    56.18118587295092
  ],
  [
    122.09508050528589,
    19.13713759379963,
    50.85753918985006
  ],
  [
    122.09490886754347,
    19.137026432745998,
    46.582663625824964
  ],
  [
    122.09458783056265,
    19.13701124670609,
    43.14999371764125
  ],
  [
    122.09398932983817,
    19.136993987049184,
    40.39357534678764
  ],
  [
    122.09304850037786,
    19.13695845169519,
    38.18014661136103
  ],
  [
    122.0916096339863,
    19.136826618778333,
    36.402683975764596
  ],
  [
    122.09692396958917,
    19.13353323463676,
    34.972094857699155
  ],
  [
    122.0975115597462,
    19.133310668568512,
    29.152680427235524
  ]
]
  UAV ID: agent_1_2,traj len: 15 ,Trajectory :
 [
  [
    122.09406378482542,
    23.010986665435073,
    127.74252168238907
  ],
  [
    122.09436349274507,
    23.010692570650807,
    107.88665938388013
  ],
  [
    122.09462817694512,
    23.010342488375688,
    91.94215331337911
  ],
  [
    122.0948640142128,
    23.01004644026788,
    79.1384828245953
  ],
  [
    122.09504829708949,
    23.009753283851914,
    68.85696017026804
  ],
  [
    122.09516938285351,
    23.00947536259641,
    60.60080699869103
  ],
  [
    122.09525355402775,
    23.009237310628503,
    53.971077379518476
  ],
  [
    122.09524660447372,
    23.00906489756401,
    48.64735326270788
  ],
  [
    122.09512828471794,
    23.00894089065184,
    44.372429585464026
  ],
  [
    122.09486973305604,
    23.008859991001216,
    40.93965961397404
  ],
  [
    122.09441071701731,
    23.008793798052096,
    38.183156253753076
  ],
  [
    122.09362611301016,
    23.008725119971682,
    35.969654135075245
  ],
  [
    122.09241426996763,
    23.008574881624394,
    34.192127804275984
  ],
  [
    122.09715334323559,
    23.005632355901046,
    32.762168868678145
  ],
  [
    122.09774039644424,
    23.005415698574936,
    26.942764546805655
  ]
]
  UAV ID: agent_1_3,traj len: 15 ,Trajectory :
 [
  [
    122.09413094761129,
    25.576362098458585,
    124.26910046201888
  ],
  [
    122.09443440673375,
    25.57599826920268,
    104.41320898851484
  ],
  [
    122.09472618004153,
    25.57566065891903,
    88.46868036365203
  ],
  [
    122.09494328449996,
    25.575312173182645,
    75.66496961161404
  ],
  [
    122.09514210079755,
    25.57496637156338,
    65.38344478304994
  ],
  [
    122.09531004996707,
    25.574644980044866,
    57.127271002374705
  ],
  [
    122.09541619419997,
    25.574362786134383,
    50.497478776708206
  ],
  [
    122.09548000967314,
    25.574132550895914,
    45.173702735365
  ],
  [
    122.09545543791458,
    25.573902314809025,
    40.89868931976153
  ],
  [
    122.09533617964857,
    25.57376510309251,
    37.46588896921652
  ],
  [
    122.09503703330492,
    25.573603654373056,
    34.70933713243854
  ],
  [
    122.09453849113373,
    25.573474123148078,
    32.49578004492434
  ],
  [
    122.09367803211144,
    25.573255741463097,
    30.718210908000483
  ],
  [
    122.09747735310114,
    25.570914371495743,
    29.288694633254835
  ],
  [
    122.09808147115314,
    25.570673861439044,
    23.46930037525371
  ]
]
  UAV ID: agent_1_4,traj len: 15 ,Trajectory :
 [
  [
    122.09418500065902,
    28.91480747384372,
    121.52652788252604
  ],
  [
    122.09449278685491,
    28.91442911049227,
    101.6706208913518
  ],
  [
    122.09478115087283,
    28.914037682000657,
    85.72604239741229
  ],
  [
    122.09502202804597,
    28.913663794047526,
    72.92230208517796
  ],
  [
    122.09524999522705,
    28.913307195120524,
    62.640745873607855
  ],
  [
    122.09540575812848,
    28.91292797222257,
    54.3845104662774
  ],
  [
    122.0955481461383,
    28.91263097060867,
    47.75468701238123
  ],
  [
    122.09565545598794,
    28.91232747363991,
    42.43083931009074
  ],
  [
    122.09571632474285,
    28.91206753074419,
    38.155786810462935
  ],
  [
    122.09569328796267,
    28.911843538903955,
    34.72287646207423
  ],
  [
    122.09557523726858,
    28.91165590708885,
    31.966255970155675
  ],
  [
    122.09525396104597,
    28.911432334099118,
    29.752647026425635
  ],
  [
    122.09470501391142,
    28.91120985042598,
    27.9750349037121
  ],
  [
    122.09777439408454,
    28.90931432613352,
    26.546073197165057
  ],
  [
    122.09835436423673,
    28.909091614168258,
    20.726676823001416
  ]
]
  UAV ID: agent_1_5,traj len: 15 ,Trajectory :
 [
  [
    122.09424022786156,
    31.6083894467239,
    118.17875723339165
  ],
  [
    122.09456253016204,
    31.607998844915457,
    98.322857007699
  ],
  [
    122.09482621883929,
    31.60759515024618,
    82.37826690743407
  ],
  [
    122.09512448105738,
    31.60718455380435,
    69.57451169040522
  ],
  [
    122.09533839006504,
    31.606773457596198,
    59.292906831293095
  ],
  [
    122.09553537309529,
    31.606389425156436,
    51.03662817827323
  ],
  [
    122.09575851295446,
    31.6060037636873,
    44.406741120741344
  ],
  [
    122.09589409070601,
    31.605632705697392,
    39.08284087695514
  ],
  [
    122.09604547780236,
    31.605289625094418,
    34.807732279513935
  ],
  [
    122.0961453248083,
    31.60498216675761,
    31.374774245449316
  ],
  [
    122.09619713535946,
    31.604694983962258,
    28.618076555264715
  ],
  [
    122.09612026696986,
    31.60443537452812,
    26.404416553125756
  ],
  [
    122.09595809327438,
    31.604194821862965,
    24.62676935503581
  ],
  [
    122.09811018609751,
    31.602847897463608,
    23.198264644362247
  ],
  [
    122.09870474990616,
    31.60261272874879,
    17.37888165801711
  ]
]
  UAV ID: agent_2_0,traj len: 15 ,Trajectory :
 [
  [
    122.09427444400724,
    34.58107641039431,
    115.09158831564291
  ],
  [
    122.09461396273075,
    34.58066831220616,
    95.23568529634402
  ],
  [
    122.09491361112306,
    34.58023023263818,
    79.29105628317792
  ],
  [
    122.09517745613678,
    34.57979120922558,
    66.48726962703036
  ],
  [
    122.09542728206694,
    34.57933065654459,
    56.20562833602426
  ],
  [
    122.09569539595518,
    34.57889221818435,
    47.94930462012668
  ],
  [
    122.0958838640442,
    34.57847281745102,
    41.319382324030556
  ],
  [
    122.09613226204783,
    34.578039213782155,
    35.99544398153011
  ],
  [
    122.09633626772951,
    34.57764603899707,
    31.720258990345254
  ],
  [
    122.09655868347552,
    34.57728347595389,
    28.287229864838647
  ],
  [
    122.09676032579762,
    34.576918407663676,
    25.53045847934015
  ],
  [
    122.09691805309683,
    34.576602540644814,
    23.316768482238682
  ],
  [
    122.09707225782223,
    34.57629675185881,
    21.539070952318117
  ],
  [
    122.09843344468693,
    34.57548478581808,
    20.111053771149233
  ],
  [
    122.09901275068717,
    34.575242791969984,
    14.29166856582199
  ]
]
  UAV ID: agent_2_1,traj len: 15 ,Trajectory :
 [
  [
    122.0943341285582,
    37.54912859768123,
    111.99999346536516
  ],
  [
    122.09468738389958,
    37.548685174537894,
    92.14406578473549
  ],
  [
    122.09498060421724,
    37.548241584879605,
    76.19941366757634
  ],
  [
    122.09527061344767,
    37.54776081694196,
    63.395574868608314
  ],
  [
    122.09555041798635,
    37.547282212035554,
    53.113922002731464
  ],
  [
    122.09580330900525,
    37.54678679200296,
    44.85757192862852
  ],
  [
    122.09608043471988,
    37.54629707272298,
    38.22758488949565
  ],
  [
    122.0963447946562,
    37.54582299981622,
    32.90359406359436
  ],
  [
    122.09664369919177,
    37.54536106245807,
    28.6283398015821
  ],
  [
    122.09696711872564,
    37.54494085469588,
    25.195243892492265
  ],
  [
    122.09734630462455,
    37.544495828497034,
    22.43841605307721
  ],
  [
    122.09775837099457,
    37.54411604242347,
    20.22463840788211
  ],
  [
    122.09820642709872,
    37.54376797586959,
    18.44693547285998
  ],
  [
    122.09871950934865,
    37.54346911467987,
    17.019403521990437
  ],
  [
    122.09932834397398,
    37.54324261401913,
    11.200000347633653
  ]
]
  UAV ID: agent_2_2,traj len: 15 ,Trajectory :
 [
  [
    122.09429555579518,
    40.721330019154365,
    114.8817521778025
  ],
  [
    122.09461500077907,
    40.72092815811156,
    95.0257876609396
  ],
  [
    122.09493342557151,
    40.72048017025307,
    79.08111120527279
  ],
  [
    122.09519503527245,
    40.72002326788553,
    66.27727903130439
  ],
  [
    122.0954177656889,
    40.7195970724332,
    55.99555865224383
  ],
  [
    122.09568340581775,
    40.719136527604164,
    47.73915169164555
  ],
  [
    122.09593681796864,
    40.718703165093295,
    41.1091016022632
  ],
  [
    122.09614674395293,
    40.71826563667865,
    35.78508624762927
  ],
  [
    122.09635673575247,
    40.71787707677622,
    31.509744535134736
  ],
  [
    122.09658035743198,
    40.71750995463203,
    28.07659001859558
  ],
  [
    122.09678556197176,
    40.717152050969226,
    25.319683072450662
  ],
  [
    122.09698033081656,
    40.71681127669561,
    23.105826103352868
  ],
  [
    122.09716794356254,
    40.716481699562706,
    21.328091379724768
  ],
  [
    122.09843790871324,
    40.71573013967808,
    19.901083938100896
  ],
  [
    122.09902950574917,
    40.71548431432405,
    14.081690949411632
  ]
]
  UAV ID: agent_2_3,traj len: 15 ,Trajectory :
 [
  [
    122.09425252830978,
    43.29947807168059,
    118.35631122894694
  ],
  [
    122.0945502356928,
    43.299098975961606,
    98.5003482846716
  ],
  [
    122.09483361380717,
    43.29868354669711,
    82.55562968662456
  ],
  [
    122.09511926216523,
    43.29825812629942,
    69.75176242680887
  ],
  [
    122.09532731025742,
    43.29787861828968,
    59.47002433223296
  ],
  [
    122.0955458924343,
    43.297481251381306,
    51.21357559478271
  ],
  [
    122.09573751125232,
    43.297085839464614,
    44.583525647137684
  ],
  [
    122.09590256371852,
    43.29675002457098,
    39.2594230240422
  ],
  [
    122.0960343656466,
    43.29640617962949,
    34.98402881119616
  ],
  [
    122.09612998024174,
    43.29610117930197,
    31.55080819923459
  ],
  [
    122.09614241759667,
    43.29583687485089,
    28.793830613439965
  ],
  [
    122.09609175343675,
    43.295569240627444,
    26.579948841202018
  ],
  [
    122.09588544919873,
    43.29530323583542,
    24.802194159607545
  ],
  [
    122.09808618177199,
    43.293951051859686,
    23.375604513648227
  ],
  [
    122.0986820215469,
    43.29370475639161,
    17.556200356905194
  ]
]
  UAV ID: agent_2_4,traj len: 15 ,Trajectory :
 [
  [
    122.09418923988984,
    46.680390143347275,
    121.05129700985886
  ],
  [
    122.09449304133129,
    46.68002533475777,
    101.195315900549
  ],
  [
    122.09477885827582,
    46.67962682711754,
    85.25057924032485
  ],
  [
    122.09503454412936,
    46.67924061011425,
    72.44667464095873
  ],
  [
    122.09525313676032,
    46.67887394097721,
    62.164890331116844
  ],
  [
    122.09545081898465,
    46.67851881625933,
    53.90841190847142
  ],
  [
    122.09557884715008,
    46.6781862239181,
    47.27827458332941
  ],
  [
    122.09570988832549,
    46.67789095071787,
    41.95410620944514
  ],
  [
    122.09576334345884,
    46.67761155911518,
    37.67866605724344
  ],
  [
    122.09576114645196,
    46.6773724205145,
    34.24536070874589
  ],
  [
    122.09566477975719,
    46.67716282613831,
    31.48832208781416
  ],
  [
    122.09537437145282,
    46.676932318180185,
    29.27435637666048
  ],
  [
    122.09488105366125,
    46.67671101336518,
    27.496547083436603
  ],
  [
    122.09781928819629,
    46.6748766426763,
    26.07053269961554
  ],
  [
    122.09840564646585,
    46.67466621595324,
    20.251133068879696
  ]
]
  UAV ID: agent_2_5,traj len: 15 ,Trajectory :
 [
  [
    122.09413464872615,
    49.905896458852396,
    123.88227176625759
  ],
  [
    122.09444734516772,
    49.90551255672123,
    104.02624690401524
  ],
  [
    122.09472965353689,
    49.905160494205774,
    88.08147854169485
  ],
  [
    122.09495876858222,
    49.904805125946794,
    75.27756890712101
  ],
  [
    122.09515073270272,
    49.904477884697656,
    64.99573796722626
  ],
  [
    122.09531465028574,
    49.904147974193656,
    56.739211339293334
  ],
  [
    122.09545453564556,
    49.90386891660875,
    50.108985189570625
  ],
  [
    122.09552237561557,
    49.903592188813704,
    44.78479766924499
  ],
  [
    122.09551677923416,
    49.903390648022544,
    40.509286155296444
  ],
  [
    122.09538776201354,
    49.903231751321925,
    37.07589187242891
  ],
  [
    122.09511296467872,
    49.903080512595274,
    34.31879535750389
  ],
  [
    122.09461585083436,
    49.90290699323765,
    32.10476012612887
  ],
  [
    122.09382971882886,
    49.90271682645047,
    30.32689877253641
  ],
  [
    122.09753318814008,
    49.90043207942807,
    28.901453496420075
  ],
  [
    122.09812120710875,
    49.900201063062,
    23.082058100206286
  ]
]
  UAV ID: agent_2_6,traj len: 15 ,Trajectory :
 [
  [
    122.09407005873148,
    52.067472946653204,
    127.7607442375197
  ],
  [
    122.09437104542269,
    52.06714511357817,
    107.90471253265206
  ],
  [
    122.0946500094931,
    52.0668042200439,
    91.95995235253166
  ],
  [
    122.0948754881474,
    52.0664815204057,
    79.15599564719028
  ],
  [
    122.09504686815413,
    52.06620348688986,
    68.87416406982922
  ],
  [
    122.09518166943522,
    52.06594457679235,
    60.61756442222654
  ],
  [
    122.09526584901526,
    52.06573872698099,
    53.98733987632247
  ],
  [
    122.09523576736329,
    52.06554081884907,
    48.66310504544409
  ],
  [
    122.09512433486877,
    52.06541979029612,
    44.38752115330359
  ],
  [
    122.09486745515996,
    52.06533141528304,
    40.95410167104606
  ],
  [
    122.09439285202617,
    52.06525466777459,
    38.196941409209444
  ],
  [
    122.09361086711417,
    52.06518861084659,
    35.98288157650389
  ],
  [
    122.09241032519314,
    52.06503774842932,
    34.20500332988777
  ],
  [
    122.09713676771338,
    52.06209437488802,
    32.77988773532692
  ],
  [
    122.09771317012738,
    52.06189078835656,
    26.960477626686295
  ]
]
  UAV ID: agent_2_7,traj len: 15 ,Trajectory :
 [
  [
    122.09400910051306,
    55.011155905110286,
    130.87595771443472
  ],
  [
    122.09430765664356,
    55.01085027297431,
    111.01991177414658
  ],
  [
    122.09457645967751,
    55.01055611069584,
    95.0751142756807
  ],
  [
    122.09477289285442,
    55.010265172951605,
    82.27111959906698
  ],
  [
    122.09494011130093,
    55.01001878916522,
    71.98923527200184
  ],
  [
    122.09504387887107,
    55.00977523725145,
    63.73265404069987
  ],
  [
    122.09507896104843,
    55.00961463335109,
    57.102372195898425
  ],
  [
    122.09504406788855,
    55.00949780612334,
    51.77800809567716
  ],
  [
    122.09482723586667,
    55.0094509146185,
    47.502427850342215
  ],
  [
    122.09446864442809,
    55.009407832867126,
    44.068913794380634
  ],
  [
    122.09381902030906,
    55.00941004349296,
    41.31170637341084
  ],
  [
    122.09279278858024,
    55.00940530750481,
    39.0975721161754
  ],
  [
    122.09126066741413,
    55.00930831146486,
    37.31965387681118
  ],
  [
    122.09681700072872,
    55.00584539521008,
    35.89505368113192
  ],
  [
    122.0974238891185,
    55.00561221812372,
    30.075667529676032
  ]
]

Generating formation for segment 3_1 -> 4_1 with UAV IDs: ['agent_1_3', 'agent_1_4', 'agent_2_2', 'agent_2_3', 'agent_2_4', 'agent_2_5', 'agent_2_7']
Segment 3_1 -> 4_1 formation trajectories:
  UAV ID: agent_1_3,traj len: 15 ,Trajectory :
 [
  [
    122.10533402677817,
    17.258129192847566,
    31.902368645271757
  ],
  [
    122.10679686255699,
    17.257475227601567,
    30.03706626593692
  ],
  [
    122.10890519452899,
    17.256515291849738,
    28.614876964273083
  ],
  [
    122.11179175059702,
    17.255104477210523,
    27.53021125124809
  ],
  [
    122.11565409802282,
    17.253096018719656,
    26.702559787713124
  ],
  [
    122.12083918204473,
    17.250257761765635,
    26.07044693838705
  ],
  [
    122.12766730594599,
    17.246184625549244,
    25.58685862505883
  ],
  [
    122.1365999679897,
    17.240418085096774,
    25.215744464172985
  ],
  [
    122.14818602895514,
    17.23222640469968,
    24.929297159941143
  ],
  [
    122.16305573825007,
    17.220531094951813,
    24.705884884484103
  ],
  [
    122.18198917282571,
    17.20392920966083,
    24.5283494546757
  ],
  [
    122.20578446437554,
    17.180333210990995,
    24.382746590165713
  ],
  [
    122.23547230087438,
    17.146795895441524,
    24.25716826711506
  ],
  [
    122.13535942051662,
    17.226142733909754,
    24.258904998976945
  ],
  [
    122.13491853537143,
    17.226560512914446,
    24.02921051102406
  ]
]
  UAV ID: agent_1_4,traj len: 15 ,Trajectory :
 [
  [
    122.10333696090856,
    24.10862015183114,
    24.61590483708582
  ],
  [
    122.10417872446821,
    24.10829584013324,
    22.750893548322775
  ],
  [
    122.10539354528878,
    24.10775589807154,
    21.329103653258723
  ],
  [
    122.10713891865947,
    24.106910023441575,
    20.2449511588149
  ],
  [
    122.10959068187617,
    24.105650011569644,
    19.418040375505367
  ],
  [
    122.11289488050772,
    24.103838297749398,
    18.786915656065297
  ],
  [
    122.1173045365762,
    24.101199143507582,
    18.30465933231865
  ],
  [
    122.12312996395279,
    24.097423166314503,
    17.93543426904823
  ],
  [
    122.13069663851672,
    24.09203721328251,
    17.651653189840136
  ],
  [
    122.14050060321755,
    24.0842875839235,
    17.431959387676365
  ],
  [
    122.15301710204434,
    24.073262712093754,
    17.259702161352173
  ],
  [
    122.16882246328436,
    24.057558938694765,
    17.12164158481049
  ],
  [
    122.1885820273302,
    24.035232504226023,
    17.006694070367164
  ],
  [
    122.12131613320035,
    24.08853107105894,
    16.983656239972817
  ],
  [
    122.12084011386013,
    24.088930297144085,
    16.753953574412968
  ]
]
  UAV ID: agent_2_2,traj len: 15 ,Trajectory :
 [
  [
    122.10131818061504,
    30.76767645171979,
    17.15470526872916
  ],
  [
    122.10146578648622,
    30.767678416949142,
    15.290020423089254
  ],
  [
    122.10182569626394,
    30.767573420267485,
    13.868581531159668
  ],
  [
    122.1024399315581,
    30.767297818367986,
    12.784965635344882
  ],
  [
    122.10337796555406,
    30.76678633858901,
    11.958724959921058
  ],
  [
    122.10475840503145,
    30.76603013075652,
    11.328529963191032
  ],
  [
    122.10668983154777,
    30.764874538447497,
    10.847614370775075
  ],
  [
    122.1092997156254,
    30.763130920257552,
    10.480209021076575
  ],
  [
    122.11280381472402,
    30.760610970981297,
    10.19899317107027
  ],
  [
    122.11742231493567,
    30.75692379789816,
    9.982918445131299
  ],
  [
    122.1233852403598,
    30.751636134597728,
    9.81585819407788
  ],
  [
    122.13098254826993,
    30.74401746593893,
    9.685036163900211
  ],
  [
    122.14054730965466,
    30.733092235920388,
    9.580487521213117
  ],
  [
    122.10692107846722,
    30.75974700387347,
    9.533340524227045
  ],
  [
    122.10648119559461,
    30.760155640461512,
    9.303652943787261
  ]
]
  UAV ID: agent_2_3,traj len: 15 ,Trajectory :
 [
  [
    122.09931836189303,
    37.54324382712366,
    9.80001211981346
  ],
  [
    122.09882838929873,
    37.543546870955616,
    7.9356088947455214
  ],
  [
    122.09829582572512,
    37.54385635967302,
    6.514559342821453
  ],
  [
    122.09780313269637,
    37.54414613369328,
    5.4314713634005685
  ],
  [
    122.09727500864533,
    37.54442131592851,
    4.605910255113475
  ],
  [
    122.09675324777275,
    37.54470895789386,
    3.9766903675165666
  ],
  [
    122.09621852772662,
    37.54499325900401,
    3.497110455675616
  ],
  [
    122.09567421637955,
    37.54529760295664,
    3.1315745388000154
  ],
  [
    122.09519177234601,
    37.545563887608026,
    2.8529578385144134
  ],
  [
    122.09466403212652,
    37.54588348463543,
    2.640586884582351
  ],
  [
    122.09418003639736,
    37.54619168932968,
    2.4787619863805945
  ],
  [
    122.09366871194803,
    37.54653718779432,
    2.35539280233531
  ],
  [
    122.0931993733616,
    37.546909675713565,
    2.261368296211869
  ],
  [
    122.09273577056105,
    37.54729092203103,
    2.1896993561715083
  ],
  [
    122.09230286393559,
    37.54769725090306,
    1.960013978007886
  ]
]
  UAV ID: agent_2_4,traj len: 15 ,Trajectory :
 [
  [
    122.10126054612853,
    44.56915226626242,
    16.915926864312826
  ],
  [
    122.10139562428981,
    44.56916497901203,
    15.051818341764124
  ],
  [
    122.10171899065675,
    44.56905989667232,
    13.631215779824458
  ],
  [
    122.10227569511827,
    44.568810081468925,
    12.548638213095732
  ],
  [
    122.10319114573167,
    44.56832967535792,
    11.723798160247805
  ],
  [
    122.1045036936821,
    44.567614359372335,
    11.095588410615234
  ],
  [
    122.10631969401271,
    44.5665074279158,
    10.617389085429561
  ],
  [
    122.10883752044052,
    44.56482853740834,
    10.25375188971544
  ],
  [
    122.11225014910052,
    44.562398775466114,
    9.977842187537785
  ],
  [
    122.11667563813077,
    44.558834656130436,
    9.769281715356058
  ],
  [
    122.12242895359621,
    44.55367201801235,
    9.612806056644043
  ],
  [
    122.12975588327596,
    44.54625724475142,
    9.497023134454297
  ],
  [
    122.13897812766784,
    44.535611093572015,
    9.413695832996464
  ],
  [
    122.10646178239007,
    44.56158872783271,
    9.317091512702811
  ],
  [
    122.10601768005584,
    44.56200992147395,
    9.087369907830723
  ]
]
  UAV ID: agent_2_5,traj len: 15 ,Trajectory :
 [
  [
    122.10320921153635,
    51.50860099777242,
    24.116722361275173
  ],
  [
    122.10398131199531,
    51.5082912986782,
    22.252908251489707
  ],
  [
    122.10516958148014,
    51.50775953468854,
    20.83268613140582
  ],
  [
    122.10684295222552,
    51.50694579902817,
    19.750641614922312
  ],
  [
    122.10917028410485,
    51.50576485386411,
    18.92655788196491
  ],
  [
    122.1123460346863,
    51.50400508013799,
    18.299324087772753
  ],
  [
    122.11659072725828,
    51.50147189541234,
    17.822460326350463
  ],
  [
    122.12217936457226,
    51.497836175015095,
    17.460749468080454
  ],
  [
    122.12951365689014,
    51.4926194507221,
    17.187509108869552
  ],
  [
    122.13895339208518,
    51.48513129411458,
    16.982711367479048
  ],
  [
    122.15102144156533,
    51.47444351857495,
    16.831489241192067
  ],
  [
    122.1662757148736,
    51.45919587007083,
    16.723186144062794
  ],
  [
    122.18535907769379,
    51.4373942950247,
    16.65043284971875
  ],
  [
    122.12032257250746,
    51.48927553564679,
    16.529171307975815
  ],
  [
    122.11990116461077,
    51.489708537180476,
    16.29947519453009
  ]
]
  UAV ID: agent_2_7,traj len: 15 ,Trajectory :
 [
  [
    122.10484829972101,
    59.60911777060334,
    30.124766070946656
  ],
  [
    122.10615724525341,
    59.60852156456419,
    28.261343857516433
  ],
  [
    122.10803258096551,
    59.607686990868345,
    26.841571235549708
  ],
  [
    122.11064928254882,
    59.606429375469496,
    25.760132001369026
  ],
  [
    122.11417866202457,
    59.60457302574584,
    24.93688938436944
  ],
  [
    122.11889891354696,
    59.60198587721952,
    24.31080470707981
  ],
  [
    122.12513697419085,
    59.598259472073615,
    23.83555698591812
  ],
  [
    122.13332923090543,
    59.592974120867275,
    23.476063412344054
  ],
  [
    122.14392185283141,
    59.5854428286434,
    23.20590894200653
  ],
  [
    122.15752813767965,
    59.574687870899865,
    23.005473475270207
  ],
  [
    122.17487357905125,
    59.55939058008365,
    22.860462952794343
  ],
  [
    122.19673719972063,
    59.53755892027479,
    22.760909194949694
  ],
  [
    122.22398912480463,
    59.506496032576294,
    22.700538161996477
  ],
  [
    122.1319131550743,
    59.57999062081329,
    22.550439086728023
  ],
  [
    122.1314689327754,
    59.580396759189604,
    22.320730682809383
  ]
]

Generating formation for segment 4_1 -> 4_2 with UAV IDs: ['agent_1_3', 'agent_1_4', 'agent_2_2', 'agent_2_3', 'agent_2_4', 'agent_2_5', 'agent_2_7']
Segment 4_1 -> 4_2 formation trajectories:
  UAV ID: agent_1_3,traj len: 15 ,Trajectory :
 [
  [
    122.09164074350296,
    58.00924713353269,
    -19.979095817971483
  ],
  [
    122.09260893379175,
    58.0105737909019,
    -5.83245573936976
  ],
  [
    122.09293350510424,
    58.01066251909131,
    8.31366324361154
  ],
  [
    122.09240105523708,
    58.00925254931645,
    22.458633002760457
  ],
  [
    122.0921589725125,
    58.00834195189568,
    36.60360814121351
  ],
  [
    122.09288559294652,
    58.009168220108826,
    50.74971912419528
  ],
  [
    122.09378364312275,
    58.010302498144654,
    64.89638776343517
  ],
  [
    122.09374675264249,
    58.00976446826015,
    79.04207489830026
  ],
  [
    122.09316258011064,
    58.00826138534077,
    93.18686176367888
  ],
  [
    122.09324469467671,
    58.0079064557676,
    107.332174220699
  ],
  [
    122.09417536292256,
    58.00912212592079,
    121.47862497955707
  ],
  [
    122.0948123844302,
    58.009829467229764,
    135.62508612312783
  ],
  [
    122.09448615684717,
    58.008742598007764,
    149.7703974315013
  ],
  [
    122.09400808508985,
    58.00741536531915,
    163.91515705127253
  ],
  [
    122.09443686173184,
    58.007696540224444,
    178.0608880148523
  ]
]
  UAV ID: agent_1_4,traj len: 15 ,Trajectory :
 [
  [
    122.09188615460123,
    52.15428020696894,
    -11.701930847049294
  ],
  [
    122.0926582555305,
    52.155202533947616,
    2.444441435155318
  ],
  [
    122.0928930301281,
    52.15515084453756,
    16.590460549907753
  ],
  [
    122.0925220136601,
    52.15400408376408,
    30.73563026440996
  ],
  [
    122.09243976567666,
    52.15340696332652,
    44.88081599583645
  ],
  [
    122.09309067777629,
    52.15406229449877,
    59.02683811098145
  ],
  [
    122.09374317879016,
    52.15481369541351,
    73.17322940717445
  ],
  [
    122.0937213756638,
    52.15428257384295,
    87.31894719261517
  ],
  [
    122.09335458247523,
    52.15314339205877,
    101.46396462676773
  ],
  [
    122.09351629198063,
    52.15298438002697,
    115.60939410381755
  ],
  [
    122.0942778189887,
    52.15388302992495,
    129.75564988568033
  ],
  [
    122.0947641945705,
    52.15429514495336,
    143.9018887289949
  ],
  [
    122.09454073590327,
    52.15336495990413,
    158.04730569299838
  ],
  [
    122.09426031976122,
    52.152423005618964,
    172.19235410401046
  ],
  [
    122.09468938256416,
    52.15269458933299,
    186.33807056379504
  ]
]
  UAV ID: agent_2_2,traj len: 15 ,Trajectory :
 [
  [
    122.0920963872138,
    44.795254784444545,
    -4.930061620697127
  ],
  [
    122.09269893589868,
    44.79587409867801,
    9.215972956332195
  ],
  [
    122.09284639952314,
    44.79566268471993,
    23.361859389975923
  ],
  [
    122.09261071079789,
    44.794801559811916,
    37.50729923168847
  ],
  [
    122.09265643200177,
    44.79443445951735,
    51.652760882195174
  ],
  [
    122.09325585340044,
    44.794988655360626,
    65.79862836345876
  ],
  [
    122.09373205470997,
    44.79541106242571,
    79.94465296092623
  ],
  [
    122.09373314927915,
    44.7949055285599,
    94.09036857733324
  ],
  [
    122.09351763250336,
    44.79405362049401,
    108.23577964301307
  ],
  [
    122.09377563386265,
    44.79404932230313,
    122.38132635304268
  ],
  [
    122.09438048714736,
    44.79469119418047,
    136.527300450512
  ],
  [
    122.09473086129077,
    44.794840252050356,
    150.67326752498934
  ],
  [
    122.09455848295453,
    44.79406188902334,
    164.81884080591968
  ],
  [
    122.09444612453402,
    44.79339795472464,
    178.9642527561017
  ],
  [
    122.09488752155326,
    44.79373087479689,
    193.10995318843217
  ]
]
  UAV ID: agent_2_3,traj len: 15 ,Trajectory :
 [
  [
    122.09229536082826,
    37.54771057729196,
    1.9600042437670908
  ],
  [
    122.09274069819101,
    37.54801345333463,
    16.105724961712305
  ],
  [
    122.09280812396582,
    37.54764670507671,
    30.25141892276521
  ],
  [
    122.09270674605023,
    37.547036911423604,
    44.39713996399427
  ],
  [
    122.09291402232941,
    37.546931491530046,
    58.54285726198003
  ],
  [
    122.09341802815248,
    37.54732366201285,
    72.68858054883198
  ],
  [
    122.0937403929782,
    37.547454709727,
    86.83427072675217
  ],
  [
    122.09369873470607,
    37.54692216209747,
    100.98000110168961
  ],
  [
    122.09366470573589,
    37.54640542290563,
    115.12570955520252
  ],
  [
    122.09398894634009,
    37.546526159207,
    129.27144002042127
  ],
  [
    122.09448191885687,
    37.54691839822714,
    143.41714137061663
  ],
  [
    122.09467275244985,
    37.54680590836656,
    157.56285636441442
  ],
  [
    122.09459340004258,
    37.54616743850966,
    171.70857970897214
  ],
  [
    122.09465969331028,
    37.5458534434595,
    185.85427962922216
  ],
  [
    122.09508508278697,
    37.546144180352,
    200.00000496357262
  ]
]
  UAV ID: agent_2_4,traj len: 15 ,Trajectory :
 [
  [
    122.09207287982211,
    30.54385924052403,
    -5.177657277752591
  ],
  [
    122.09270775817991,
    30.544478598394292,
    8.967737851172625
  ],
  [
    122.0928411633563,
    30.544275485872134,
    23.113325312164132
  ],
  [
    122.09259241528426,
    30.5433972772655,
    37.25927382539763
  ],
  [
    122.09266953813211,
    30.54303573671614,
    51.40524886381335
  ],
  [
    122.09323166743869,
    30.543593549157396,
    65.55084185296198
  ],
  [
    122.0937343700766,
    30.544022190113157,
    79.69622195304125
  ],
  [
    122.09371494044737,
    30.543499081538407,
    93.84192985225626
  ],
  [
    122.09350701102689,
    30.54263269944612,
    107.98797024074321
  ],
  [
    122.09375235342337,
    30.54261195048136,
    122.13382839801278
  ],
  [
    122.09437660625498,
    30.54327765478141,
    136.27929271656336
  ],
  [
    122.09471052744429,
    30.543446770689894,
    150.4247337732406
  ],
  [
    122.09453190876941,
    30.54267035097316,
    164.5706058794591
  ],
  [
    122.09445924437665,
    30.541989806677442,
    178.71663678530706
  ],
  [
    122.09488320874243,
    30.542290849261935,
    192.86235769952017
  ]
]
  UAV ID: agent_2_5,traj len: 15 ,Trajectory :
 [
  [
    122.09187570277473,
    23.046268853872807,
    -11.81346481633196
  ],
  [
    122.09266067784122,
    23.04721001982789,
    2.331581423865706
  ],
  [
    122.09288037007774,
    23.047123754078292,
    16.47702439312285
  ],
  [
    122.09252923290906,
    23.045989777233476,
    30.623255189047974
  ],
  [
    122.09243238184408,
    23.04537357626798,
    44.76952251536973
  ],
  [
    122.09306560099297,
    23.046063658885377,
    58.91492373171332
  ],
  [
    122.0937508136797,
    23.046813456374966,
    73.05998121482587
  ],
  [
    122.09372035477053,
    23.04628545954237,
    87.20567973066674
  ],
  [
    122.09334454632098,
    23.045114710565542,
    101.35207976055358
  ],
  [
    122.09352706979092,
    23.044973028674164,
    115.49808540762466
  ],
  [
    122.0942923372575,
    23.045887677817245,
    129.64324248263983
  ],
  [
    122.094766035156,
    23.04628373792662,
    143.78844424242948
  ],
  [
    122.09452204894141,
    23.045362543766817,
    157.93445938102732
  ],
  [
    122.09426202998434,
    23.0443900584011,
    172.08083243518993
  ],
  [
    122.09468239098317,
    23.044691720671587,
    186.2265545949254
  ]
]
  UAV ID: agent_2_7,traj len: 15 ,Trajectory :
 [
  [
    122.09164241094467,
    17.02195020687434,
    -19.919081627735743
  ],
  [
    122.09261647045481,
    17.023257712825508,
    -5.774282570872971
  ],
  [
    122.09293419124621,
    17.023348517151984,
    8.370993648531806
  ],
  [
    122.09241661963613,
    17.021934424573523,
    22.517472305713312
  ],
  [
    122.0921412913382,
    17.021031594868557,
    36.66392933012271
  ],
  [
    122.09288521112737,
    17.02187393964873,
    50.80922814380622
  ],
  [
    122.0937709999402,
    17.022986071354868,
    64.95401308643673
  ],
  [
    122.0937402143984,
    17.022477373053206,
    79.09972887021625
  ],
  [
    122.09314972207231,
    17.02093378065527,
    93.24638196238602
  ],
  [
    122.09324131948406,
    17.020618645575617,
    107.39250152936168
  ],
  [
    122.09416591057533,
    17.021824941696174,
    121.53748578586476
  ],
  [
    122.09481578755813,
    17.02250650244806,
    135.68243813724152
  ],
  [
    122.09447644415197,
    17.02142838517153,
    149.8285645185591
  ],
  [
    122.09399988924463,
    17.02011040256369,
    163.97520896687172
  ],
  [
    122.09443702363438,
    17.020416034819366,
    178.12091690774108
  ]
]

Generating formation for segment 2_0 -> 2_1 with UAV IDs: ['agent_2_0', 'agent_2_1', 'agent_2_2', 'agent_2_3', 'agent_2_4', 'agent_2_5', 'agent_2_6', 'agent_2_7']
Segment 2_0 -> 2_1 formation trajectories:
  UAV ID: agent_2_0,traj len: 15 ,Trajectory :
 [
  [
    122.10315509699926,
    16.33176632496037,
    221.1947477719253
  ],
  [
    122.10667265919729,
    16.335776472938953,
    203.52431335889818
  ],
  [
    122.10592266830143,
    16.33412784567117,
    201.00278896630059
  ],
  [
    122.10497880507069,
    16.332747722735323,
    198.1220917818334
  ],
  [
    122.10390718599257,
    16.331602135748952,
    194.83088765855845
  ],
  [
    122.1027941506802,
    16.3306235489917,
    191.07061263270143
  ],
  [
    122.10172020019309,
    16.32978055594057,
    186.7742683703971
  ],
  [
    122.10062597787493,
    16.328966377978514,
    181.86540850021447
  ],
  [
    122.0996152212905,
    16.328158657152343,
    176.2565879650885
  ],
  [
    122.09867536403007,
    16.3273764950203,
    169.84800543880135
  ],
  [
    122.09783073468185,
    16.326526463233403,
    162.5255473252584
  ],
  [
    122.09712576097552,
    16.325581826336716,
    154.15891223638877
  ],
  [
    122.09658044368594,
    16.324564427386413,
    144.5992119613927
  ],
  [
    122.09622357839537,
    16.32343319941066,
    133.67620791653482
  ],
  [
    122.09637473971118,
    16.322342337800762,
    121.19573230444975
  ]
]
  UAV ID: agent_2_1,traj len: 15 ,Trajectory :
 [
  [
    122.10303043792877,
    22.39567310312951,
    216.61893607355043
  ],
  [
    122.10569677087038,
    22.398671848314333,
    198.9471803175929
  ],
  [
    122.10498495154359,
    22.397221025811106,
    196.42594269524412
  ],
  [
    122.10411690894946,
    22.396008687321196,
    193.5454487309325
  ],
  [
    122.1031462910894,
    22.394985713149048,
    190.25442410877812
  ],
  [
    122.1021399005012,
    22.394077352599044,
    186.49425975891336
  ],
  [
    122.10114489063085,
    22.393280653168787,
    182.19798644713916
  ],
  [
    122.1001750930049,
    22.392513796431345,
    177.2891628813799
  ],
  [
    122.09922750821043,
    22.39177580609433,
    171.68040032798936
  ],
  [
    122.09841069771517,
    22.39100169573686,
    165.27180614815686
  ],
  [
    122.09766416979141,
    22.390140114597187,
    157.9493899317863
  ],
  [
    122.09703680486909,
    22.389236112707096,
    149.58280223441068
  ],
  [
    122.09656943417717,
    22.38824487982927,
    140.02311306087756
  ],
  [
    122.09628343634228,
    22.387140272466503,
    129.1001477270736
  ],
  [
    122.09642042214863,
    22.386064419436394,
    116.61965560825789
  ]
]
  UAV ID: agent_2_2,traj len: 15 ,Trajectory :
 [
  [
    122.10289131471195,
    27.41274731143698,
    211.0436926388331
  ],
  [
    122.1044900691289,
    27.414496890436027,
    193.37082439622887
  ],
  [
    122.10382311364165,
    27.413288739295908,
    190.84983337261679
  ],
  [
    122.10308126283425,
    27.41228730100284,
    187.9694962010069
  ],
  [
    122.10221301529755,
    27.411416886361984,
    184.6786074214753
  ],
  [
    122.10133491785739,
    27.410609148476276,
    180.91851695552006
  ],
  [
    122.10044280810826,
    27.409866455766654,
    176.62234020596804
  ],
  [
    122.0995932015677,
    27.409161674360742,
    171.713559014955
  ],
  [
    122.09880410892849,
    27.408451156511013,
    166.10480852631093
  ],
  [
    122.09806131722192,
    27.407689024171532,
    159.69624327647685
  ],
  [
    122.09743671913061,
    27.406878774342616,
    152.37386703174695
  ],
  [
    122.09692215752784,
    27.40598746011108,
    144.0072614336771
  ],
  [
    122.0965476790201,
    27.405010713321484,
    134.44758916236387
  ],
  [
    122.09634766680303,
    27.40394637139897,
    123.52466142615687
  ],
  [
    122.09649109801799,
    27.402845480288725,
    111.04418536140633
  ]
]
  UAV ID: agent_2_3,traj len: 15 ,Trajectory :
 [
  [
    122.10270963448443,
    32.245075679770075,
    205.28821904013003
  ],
  [
    122.10326864953178,
    32.245549195237125,
    187.61424589117843
  ],
  [
    122.10266048473385,
    32.24463223216783,
    185.09346371641084
  ],
  [
    122.1019597413985,
    32.24383416725528,
    182.21334239894992
  ],
  [
    122.10125839084041,
    32.24308111588558,
    178.92255324890692
  ],
  [
    122.10051140949692,
    32.24240826648166,
    175.16255636710315
  ],
  [
    122.09974229911026,
    32.2417468879794,
    170.86642502144366
  ],
  [
    122.09904993909151,
    32.24109323960718,
    165.9576914311123
  ],
  [
    122.0983716477594,
    32.240379872169505,
    160.34897290166757
  ],
  [
    122.0977292810331,
    32.23967210999305,
    153.940447240383
  ],
  [
    122.09722457015201,
    32.23887174626382,
    146.61807399946102
  ],
  [
    122.09680450650019,
    32.23800399289259,
    138.25150748468482
  ],
  [
    122.09651114190838,
    32.23706250837535,
    128.6918296739744
  ],
  [
    122.09640143693859,
    32.2360346095529,
    117.76894415928372
  ],
  [
    122.09653958859047,
    32.23494541147701,
    105.28845004082996
  ]
]
  UAV ID: agent_2_4,traj len: 15 ,Trajectory :
 [
  [
    122.10259396718055,
    37.563432152331075,
    200.0000114899209
  ],
  [
    122.1021051621511,
    37.562701738908956,
    182.32483216835408
  ],
  [
    122.10157334759006,
    37.56203942110669,
    179.80429930384392
  ],
  [
    122.10099152253508,
    37.56140498426136,
    176.92435359987832
  ],
  [
    122.10036441648714,
    37.56079883489023,
    173.63372490579494
  ],
  [
    122.09972215109491,
    37.56023291834344,
    169.8738444945642
  ],
  [
    122.0990860743598,
    37.559642496458025,
    165.57777042836133
  ],
  [
    122.09850237196493,
    37.55901296720686,
    160.66907422400902
  ],
  [
    122.09793277613903,
    37.558356310861136,
    155.06040335831926
  ],
  [
    122.097455624618,
    37.55767511544097,
    148.65189081000352
  ],
  [
    122.0970219616357,
    37.55690464972527,
    141.32953966395908
  ],
  [
    122.09669853118734,
    37.55605594673463,
    132.962975657124
  ],
  [
    122.09650166921404,
    37.555125732489685,
    123.40335116175305
  ],
  [
    122.09644965092247,
    37.55412562478206,
    112.48048068305629
  ],
  [
    122.09658910700814,
    37.55302071471833,
    99.99998099890183
  ]
]
  UAV ID: agent_2_5,traj len: 15 ,Trajectory :
 [
  [
    122.10272133973173,
    42.65771932196378,
    205.50437841111616
  ],
  [
    122.10329486572634,
    42.65822940183545,
    187.8280672474082
  ],
  [
    122.10269269846538,
    42.65729941181959,
    185.30779018627288
  ],
  [
    122.10200908512643,
    42.65648462805461,
    182.4280145146047
  ],
  [
    122.10128834533984,
    42.655742718530846,
    179.13750711971988
  ],
  [
    122.10052645225574,
    42.65506199239839,
    175.37768191282953
  ],
  [
    122.099773099255,
    42.654409123709314,
    171.08171817400088
  ],
  [
    122.09905855119823,
    42.653735903777324,
    166.1730634179096
  ],
  [
    122.09838997301227,
    42.65303155678607,
    160.56440662045992
  ],
  [
    122.09775915995591,
    42.652310037840984,
    154.15595576411545
  ],
  [
    122.09723172334392,
    42.65154372035896,
    146.83359831498512
  ],
  [
    122.09680865103014,
    42.65066644629049,
    138.46707859584728
  ],
  [
    122.09651955666098,
    42.64970162196846,
    128.9074529704727
  ],
  [
    122.09638887571926,
    42.648681504737354,
    117.98462346051984
  ],
  [
    122.09655318754791,
    42.647604132474186,
    105.50414933948845
  ]
]
  UAV ID: agent_2_6,traj len: 15 ,Trajectory :
 [
  [
    122.1028680294274,
    48.149491911478606,
    210.62711284802293
  ],
  [
    122.1044029234532,
    48.15114484056561,
    192.94957565754228
  ],
  [
    122.10375879134058,
    48.14998409553849,
    190.42953709930944
  ],
  [
    122.1029873590671,
    48.148981948030645,
    187.5499807314793
  ],
  [
    122.10215438362835,
    48.14809276911173,
    184.2596111603878
  ],
  [
    122.10126617669741,
    48.147314515771974,
    180.49989697929956
  ],
  [
    122.10041417756412,
    48.14659175094381,
    176.20398765048654
  ],
  [
    122.0995724293579,
    48.14586456677919,
    171.29537816141433
  ],
  [
    122.09877760582293,
    48.14516822493869,
    165.68676439896615
  ],
  [
    122.09805482614945,
    48.144405648864364,
    159.27831953063028
  ],
  [
    122.09744481224237,
    48.143607972320105,
    151.9560028361369
  ],
  [
    122.09692766055296,
    48.1427164404619,
    143.58950006753736
  ],
  [
    122.09655494917222,
    48.141759398769615,
    134.02990913532093
  ],
  [
    122.09631872850181,
    48.14067458128431,
    123.10709225703545
  ],
  [
    122.0964791016025,
    48.13958354917067,
    110.62659386025992
  ]
]
  UAV ID: agent_2_7,traj len: 15 ,Trajectory :
 [
  [
    122.1030057735647,
    53.338939254313054,
    216.04314702467465
  ],
  [
    122.10556629248585,
    53.34181315751537,
    198.36447094028208
  ],
  [
    122.1048607324959,
    53.34041802365497,
    195.84467536211733
  ],
  [
    122.10400454314549,
    53.33920069621661,
    192.96527537199194
  ],
  [
    122.10303919982489,
    53.33820279840419,
    189.67503872033578
  ],
  [
    122.10205715459912,
    53.33732541312204,
    185.9154436669614
  ],
  [
    122.10108303802193,
    53.336506430879645,
    181.61960134070702
  ],
  [
    122.10011146530192,
    53.335764730457846,
    176.71104684331402
  ],
  [
    122.09920243720588,
    53.33498954560875,
    171.10245491939628
  ],
  [
    122.09837954120678,
    53.334223934347946,
    164.6940299558489
  ],
  [
    122.09764137910335,
    53.333390674765674,
    157.3717422374515
  ],
  [
    122.0970356411527,
    53.332496845894674,
    149.0052411850357
  ],
  [
    122.09656893094848,
    53.33146942512107,
    139.44568722857676
  ],
  [
    122.09627481288832,
    53.33039502754631,
    128.52290334756034
  ],
  [
    122.09642261429006,
    53.329298946332784,
    116.0424063549582
  ]
]

Generating formation for segment 2_1 -> 2_2 with UAV IDs: ['agent_2_0', 'agent_2_1', 'agent_2_2', 'agent_2_3', 'agent_2_4', 'agent_2_5', 'agent_2_6', 'agent_2_7']
Segment 2_1 -> 2_2 formation trajectories:
  UAV ID: agent_2_0,traj len: 15 ,Trajectory :
 [
  [
    122.10280676683877,
    58.14039306917726,
    78.17890250454685
  ],
  [
    122.0995260744581,
    58.13869788363475,
    81.03497484797484
  ],
  [
    122.09702102622113,
    58.137359281302395,
    83.89127813862807
  ],
  [
    122.09529838711414,
    58.1363922160283,
    86.74784952352968
  ],
  [
    122.09421100581517,
    58.135754527625224,
    89.60456092025449
  ],
  [
    122.09374650668292,
    58.13540554957827,
    92.46155683942864
  ],
  [
    122.09383949359948,
    58.1352909276662,
    95.31872127746524
  ],
  [
    122.09433930338224,
    58.13535184086127,
    98.17607859521792
  ],
  [
    122.09482013175806,
    58.13522055566203,
    101.03331930014242
  ],
  [
    122.09523812632123,
    58.13490892689527,
    103.89033481974639
  ],
  [
    122.09554451833033,
    58.13441563703292,
    106.74722177503831
  ],
  [
    122.09581220541496,
    58.1337702153731,
    109.60386336467309
  ],
  [
    122.09597583893687,
    58.13295124392144,
    112.46034039582042
  ],
  [
    122.09608346096427,
    58.13206472811489,
    115.31660574157436
  ],
  [
    122.09606029576078,
    58.13219191933031,
    118.17377058510581
  ]
]
  UAV ID: agent_2_1,traj len: 15 ,Trajectory :
 [
  [
    122.10112536242765,
    53.35438913363667,
    83.98227378093937
  ],
  [
    122.09852341180647,
    53.352976150506564,
    86.83863120828728
  ],
  [
    122.09656480405015,
    53.35187182097362,
    89.69513060448935
  ],
  [
    122.09523699416823,
    53.35110194519342,
    92.55179488802673
  ],
  [
    122.09442950119163,
    53.350571928595485,
    95.4086426164582
  ],
  [
    122.09412057171511,
    53.35024017257764,
    98.26565152035168
  ],
  [
    122.09424769960476,
    53.35010373791338,
    101.12283351191408
  ],
  [
    122.0946497254351,
    53.350111721676086,
    103.9801204611205
  ],
  [
    122.09506304419286,
    53.34999038079425,
    106.8373532537486
  ],
  [
    122.0953804574643,
    53.34969679559282,
    109.69438661338111
  ],
  [
    122.09564224427321,
    53.3492773492711,
    112.55131524008398
  ],
  [
    122.09585174053939,
    53.34875129611154,
    115.40805967466541
  ],
  [
    122.09595121868733,
    53.34815059729725,
    118.264708845407
  ],
  [
    122.09603136810499,
    53.347499416593934,
    121.12118479928772
  ],
  [
    122.09602376819771,
    53.34761630454363,
    123.97835070648789
  ]
]
  UAV ID: agent_2_2,traj len: 15 ,Trajectory :
 [
  [
    122.09954304438821,
    48.41160133576038,
    89.6515251423145
  ],
  [
    122.09753930998473,
    48.41047037559653,
    92.50808419523253
  ],
  [
    122.09613376899642,
    48.4096386103967,
    95.36481185502774
  ],
  [
    122.09515913671207,
    48.40901322743383,
    98.22160931281131
  ],
  [
    122.0946492614711,
    48.408590921729925,
    101.07855204850893
  ],
  [
    122.094465687113,
    48.40828132786076,
    103.93559924146498
  ],
  [
    122.09462256296008,
    48.40819002445281,
    106.79278278960082
  ],
  [
    122.09498283165216,
    48.40811491234649,
    109.65002485377578
  ],
  [
    122.09528466986201,
    48.40797360340669,
    112.50720757353109
  ],
  [
    122.09553649145664,
    48.40772828697651,
    115.36427537565702
  ],
  [
    122.09570292233062,
    48.407370713768834,
    118.22129576854344
  ],
  [
    122.09585372380602,
    48.40698066125508,
    121.07819205004081
  ],
  [
    122.09595720232656,
    48.40655621545355,
    123.93494190663239
  ],
  [
    122.09600092806383,
    48.40615037982232,
    126.7916398813768
  ],
  [
    122.0959853138579,
    48.406262450706514,
    129.64878838354997
  ]
]
  UAV ID: agent_2_3,traj len: 15 ,Trajectory :
 [
  [
    122.09811162949843,
    42.80683140132211,
    94.64765195925597
  ],
  [
    122.09670284370566,
    42.805991680397824,
    97.5045323753784
  ],
  [
    122.09574092516189,
    42.80531452988805,
    100.36146580182503
  ],
  [
    122.09511334380448,
    42.80484889715566,
    103.21844704447564
  ],
  [
    122.09483898370053,
    42.80447358334619,
    106.07548554514678
  ],
  [
    122.09479784335349,
    42.804291329422846,
    108.93259434343813
  ],
  [
    122.09497038851129,
    42.80414078930566,
    111.78974194298759
  ],
  [
    122.0952428365826,
    42.80403681124524,
    114.64693897039385
  ],
  [
    122.09546863802531,
    42.80385578988011,
    117.50412079674746
  ],
  [
    122.0956639951899,
    42.803641450137995,
    120.36122072666744
  ],
  [
    122.09577562477163,
    42.80335727471958,
    123.21828523650083
  ],
  [
    122.09588518684545,
    42.80307470666148,
    126.07529717624695
  ],
  [
    122.0959410975246,
    42.80281679433806,
    128.9322812729306
  ],
  [
    122.09595676367694,
    42.802634797982385,
    131.789196613293
  ],
  [
    122.0959290581031,
    42.80275595669974,
    134.6463419647387
  ]
]
  UAV ID: agent_2_4,traj len: 15 ,Trajectory :
 [
  [
    122.09658417623424,
    37.553024190788676,
    99.99999826260982
  ],
  [
    122.09579039290503,
    37.552453488383655,
    102.85714007473243
  ],
  [
    122.09529799413195,
    37.551996159514324,
    105.71429370764187
  ],
  [
    122.09506955168014,
    37.551684948486745,
    108.57141155550475
  ],
  [
    122.095040933019,
    37.55145159720678,
    111.42857515132295
  ],
  [
    122.0951460524424,
    37.551268714269845,
    114.28572405288354
  ],
  [
    122.09531381183696,
    37.55113007563052,
    117.14283447359692
  ],
  [
    122.09554176747781,
    37.550955621119755,
    119.99999693828546
  ],
  [
    122.09569485497519,
    37.55078286513381,
    122.85714905819614
  ],
  [
    122.09580311960423,
    37.550552446198765,
    125.71429581212587
  ],
  [
    122.09588496469112,
    37.55037364901095,
    128.5714355172582
  ],
  [
    122.09591126239309,
    37.550216925589844,
    131.42857040909203
  ],
  [
    122.09594649065659,
    37.55013505369151,
    134.28572265079356
  ],
  [
    122.0959114289544,
    37.55014679165972,
    137.14285950672425
  ],
  [
    122.0958965535525,
    37.55028757724539,
    140.00001275685182
  ]
]
  UAV ID: agent_2_5,traj len: 15 ,Trajectory :
 [
  [
    122.09804834019619,
    32.06149466568715,
    94.8918227129015
  ],
  [
    122.09666713332898,
    32.06066084703831,
    97.74926757647842
  ],
  [
    122.09569774464357,
    32.06002493769801,
    100.60662710960746
  ],
  [
    122.09512505232532,
    32.059563810186056,
    103.46392753697567
  ],
  [
    122.09484969094986,
    32.05920950248555,
    106.3211858108851
  ],
  [
    122.09482619058349,
    32.05898957967439,
    109.17837986749129
  ],
  [
    122.09497087761976,
    32.058843329549006,
    112.03549968479216
  ],
  [
    122.09523255282907,
    32.05874288443043,
    114.8925795946544
  ],
  [
    122.09549036116684,
    32.05857217404248,
    117.74968904299043
  ],
  [
    122.09566635157577,
    32.05835080585681,
    120.60687907915464
  ],
  [
    122.09580069530107,
    32.058087122690004,
    123.46410079467827
  ],
  [
    122.09588159028412,
    32.05781108616205,
    126.32138275869748
  ],
  [
    122.09592027138773,
    32.05756298212594,
    129.17869535725862
  ],
  [
    122.0959409931989,
    32.05737414612333,
    132.03607124413236
  ],
  [
    122.09592664883432,
    32.05748954042792,
    134.89321925554472
  ]
]
  UAV ID: agent_2_6,traj len: 15 ,Trajectory :
 [
  [
    122.09946574044712,
    26.45445437846949,
    89.90931423772649
  ],
  [
    122.09750505590515,
    26.453360325544924,
    92.76701765154078
  ],
  [
    122.09609315481984,
    26.452532194588734,
    95.62461277909127
  ],
  [
    122.09516252423346,
    26.45191002031864,
    98.48208345381828
  ],
  [
    122.09466869324305,
    26.45147527028301,
    101.33944143424303
  ],
  [
    122.0944988410007,
    26.451229999911295,
    104.19668255512772
  ],
  [
    122.09464136376927,
    26.451065459651016,
    107.05381319022027
  ],
  [
    122.09499170098542,
    26.450998410384315,
    109.91080629218732
  ],
  [
    122.09528632298773,
    26.45087211586961,
    112.76791047205245
  ],
  [
    122.09552958899917,
    26.450614216649814,
    115.62512539506196
  ],
  [
    122.09571720193803,
    26.45027704535418,
    118.4824215013548
  ],
  [
    122.09584059523283,
    26.44990455585119,
    121.3398345208238
  ],
  [
    122.09596401659287,
    26.44949493633355,
    124.19731677344225
  ],
  [
    122.0960003816003,
    26.449073173611435,
    127.05493584711354
  ],
  [
    122.0959655292008,
    26.44920650279346,
    129.91206403326854
  ]
]
  UAV ID: agent_2_7,traj len: 15 ,Trajectory :
 [
  [
    122.10125471744954,
    22.1544337735874,
    83.5947142704338
  ],
  [
    122.09858155059561,
    22.153015583874748,
    86.45261949649799
  ],
  [
    122.09658491813329,
    22.151905407836136,
    89.31039802075992
  ],
  [
    122.09523030866782,
    22.151118562557546,
    92.16799679577592
  ],
  [
    122.09440591233377,
    22.150578604561396,
    95.02542131055175
  ],
  [
    122.09409579157094,
    22.150256366953272,
    97.8827121978455
  ],
  [
    122.09421590967958,
    22.150143103435553,
    100.73981847187555
  ],
  [
    122.09461137782804,
    22.15011138663761,
    103.59681448949166
  ],
  [
    122.09503177757739,
    22.150000946126205,
    106.45387951170157
  ],
  [
    122.0953775979243,
    22.14971992676002,
    109.31110521672491
  ],
  [
    122.09564621671431,
    22.149299173368718,
    112.16847836774258
  ],
  [
    122.09582937527796,
    22.148762668310184,
    115.02595949642877
  ],
  [
    122.09595842231636,
    22.148136760590674,
    117.88363378864226
  ],
  [
    122.09605690103162,
    22.147470596093715,
    120.74141207201438
  ],
  [
    122.09604323686271,
    22.147600267564517,
    123.59856156816713
  ]
]

Generating formation for segment 2_2 -> 3_0 with UAV IDs: ['agent_2_0', 'agent_2_1', 'agent_2_2', 'agent_2_3', 'agent_2_4', 'agent_2_5', 'agent_2_6', 'agent_2_7']
Segment 2_2 -> 3_0 formation trajectories:
  UAV ID: agent_2_0,traj len: 15 ,Trajectory :
 [
  [
    122.09625808928514,
    16.14986126166716,
    161.02432430461516
  ],
  [
    122.09627779055886,
    16.149847721800885,
    154.36857903967527
  ],
  [
    122.09633277108301,
    16.14981694036549,
    149.294980839196
  ],
  [
    122.09642850023185,
    16.14984393071059,
    145.42745854208638
  ],
  [
    122.09659079197351,
    16.149888012980323,
    142.47930128755573
  ],
  [
    122.09683988634734,
    16.150018575283614,
    140.23202866732686
  ],
  [
    122.09714007761585,
    16.1502342351827,
    138.51910806812793
  ],
  [
    122.09759092874742,
    16.150611801186916,
    137.2135875635668
  ],
  [
    122.09815178352729,
    16.151186606885112,
    136.21873117931645
  ],
  [
    122.09883211879256,
    16.152127414485463,
    135.4608799258778
  ],
  [
    122.09960719720979,
    16.153590013248984,
    134.8839249155507
  ],
  [
    122.10046925215254,
    16.155801215620688,
    134.44532756857947
  ],
  [
    122.10124226269582,
    16.159126398208876,
    134.11264895851565
  ],
  [
    122.09614917005761,
    16.152286221586586,
    133.8495893823484
  ],
  [
    122.09606629903965,
    16.152135429453207,
    133.0277992761428
  ]
]
  UAV ID: agent_2_1,traj len: 15 ,Trajectory :
 [
  [
    122.0961656896945,
    21.697584718350882,
    155.96689470056222
  ],
  [
    122.09614533977303,
    21.69754619828007,
    149.31114977315804
  ],
  [
    122.09615290760932,
    21.697513069297855,
    144.23752831447393
  ],
  [
    122.0962025975919,
    21.697507852174883,
    140.36997000346787
  ],
  [
    122.09631723803128,
    21.697531052844955,
    137.42179913978603
  ],
  [
    122.09644648613096,
    21.697615455799586,
    135.1744797639956
  ],
  [
    122.09667327376313,
    21.69775992522771,
    133.46149841666153
  ],
  [
    122.09698244426325,
    21.698019422040105,
    132.15583476813202
  ],
  [
    122.09735704914418,
    21.698467744635742,
    131.16080761563722
  ],
  [
    122.09787636343411,
    21.699151618184324,
    130.40268352071362
  ],
  [
    122.09844613824876,
    21.700229493415364,
    129.8253654309806
  ],
  [
    122.09905748390312,
    21.70188482766599,
    129.3861231288555
  ],
  [
    122.09961720888887,
    21.704386840741563,
    129.05254338200237
  ],
  [
    122.09572487088188,
    21.699189736218557,
    128.79125533531763
  ],
  [
    122.09563474814804,
    21.699015662213327,
    127.96946835774095
  ]
]
  UAV ID: agent_2_2,traj len: 15 ,Trajectory :
 [
  [
    122.09607540682866,
    27.30756478532602,
    150.95841370664598
  ],
  [
    122.09603589194592,
    27.30749263714094,
    144.30265450050408
  ],
  [
    122.09598632221223,
    27.307467490177128,
    139.22899435179565
  ],
  [
    122.09600078674481,
    27.307438787075267,
    135.36143609240017
  ],
  [
    122.09601915486053,
    27.307443425672194,
    132.41322858301513
  ],
  [
    122.09606891136177,
    27.30749347103504,
    130.16586226245366
  ],
  [
    122.0962105831829,
    27.307566111208878,
    128.45279670841444
  ],
  [
    122.096357557194,
    27.30771534620456,
    127.14704203291704
  ],
  [
    122.09657016538841,
    27.30800103866656,
    126.15184113243653
  ],
  [
    122.09689081280817,
    27.30844059229251,
    125.39343735264059
  ],
  [
    122.09726303667915,
    27.309162382230404,
    124.81568227817756
  ],
  [
    122.09765193796079,
    27.31028842610283,
    124.37583763404962
  ],
  [
    122.0979949942826,
    27.311948188490707,
    124.04135985939357
  ],
  [
    122.09530350654163,
    27.308324729615663,
    123.78183421520067
  ],
  [
    122.09523212022734,
    27.30819382953199,
    122.96007395156569
  ]
]
  UAV ID: agent_2_3,traj len: 15 ,Trajectory :
 [
  [
    122.09598420354662,
    32.40592066433811,
    145.4576138529231
  ],
  [
    122.09590984369468,
    32.40586488744726,
    138.80185146409775
  ],
  [
    122.09583836365552,
    32.40581890040831,
    133.7281941727484
  ],
  [
    122.09576977471836,
    32.405761982254624,
    129.86059345206314
  ],
  [
    122.09570707279015,
    32.405723990917295,
    126.91235313578439
  ],
  [
    122.09569508508544,
    32.4057345197739,
    124.66496968073568
  ],
  [
    122.09565492963978,
    32.40572790757377,
    122.95182165285996
  ],
  [
    122.09569260497356,
    32.40577142732912,
    121.6459671446723
  ],
  [
    122.09575705018722,
    32.40588834433315,
    120.6506095465425
  ],
  [
    122.09584139560496,
    32.40607955782378,
    119.89196267161981
  ],
  [
    122.09595884472152,
    32.406359218099084,
    119.31384316690549
  ],
  [
    122.09612098046075,
    32.40687973088609,
    118.87343785191106
  ],
  [
    122.096242184266,
    32.40766567853418,
    118.53810295142108
  ],
  [
    122.09485948525575,
    32.40581505283712,
    118.28022808016219
  ],
  [
    122.09479893323012,
    32.40565107013642,
    117.45845985221055
  ]
]
  UAV ID: agent_2_4,traj len: 15 ,Trajectory :
 [
  [
    122.09589199015763,
    37.550289785880615,
    139.99999121959277
  ],
  [
    122.09578935815547,
    37.550185497439614,
    133.3442177218462
  ],
  [
    122.0956600783488,
    37.55012570009995,
    128.27055538962549
  ],
  [
    122.09552952560095,
    37.55007994001111,
    124.40292538986503
  ],
  [
    122.09539192402033,
    37.55000838008294,
    121.45467787909861
  ],
  [
    122.09527006324133,
    37.549980071577224,
    119.20725194482966
  ],
  [
    122.09516941531805,
    37.549884499179846,
    117.49404498625874
  ],
  [
    122.09503627168124,
    37.54983180118727,
    116.18806367649591
  ],
  [
    122.09490765646451,
    37.54977066746209,
    115.19254868201318
  ],
  [
    122.09480254593423,
    37.54970390109454,
    114.43364429113579
  ],
  [
    122.0946940851313,
    37.54960730173527,
    113.85516391878076
  ],
  [
    122.09456774608026,
    37.54949850268333,
    113.41417950301381
  ],
  [
    122.0944839787483,
    37.54940176066001,
    113.0780159426865
  ],
  [
    122.0943995973811,
    37.54928539175277,
    112.8217650051099
  ],
  [
    122.09434483844136,
    37.549130616946115,
    112.00001694567477
  ]
]
  UAV ID: agent_2_5,traj len: 15 ,Trajectory :
 [
  [
    122.09597511928621,
    42.75498491435575,
    145.4000805336877
  ],
  [
    122.0958964479799,
    42.75496206671781,
    138.74428553048935
  ],
  [
    122.09583056293594,
    42.75487095786951,
    133.67061406501819
  ],
  [
    122.0957615885333,
    42.75482866705185,
    129.80296950175077
  ],
  [
    122.09570859048974,
    42.754804268563916,
    126.85468796480603
  ],
  [
    122.0956979946444,
    42.75481421886034,
    124.60719916592119
  ],
  [
    122.09567561800826,
    42.75479469611154,
    122.89392786453308
  ],
  [
    122.09570298124729,
    42.75484457792441,
    121.5878630999982
  ],
  [
    122.09573754702723,
    42.754949296090146,
    120.59218242682562
  ],
  [
    122.09583142479333,
    42.75514046570682,
    119.83304549025844
  ],
  [
    122.09594849683667,
    42.75543560632166,
    119.25414910768009
  ],
  [
    122.09608497373864,
    42.75596965089887,
    118.81258798293457
  ],
  [
    122.09623163194487,
    42.75672067116905,
    118.4755651117592
  ],
  [
    122.09484016512613,
    42.75487166100486,
    118.22099525212523
  ],
  [
    122.09477140284243,
    42.7547362378144,
    117.39921816162496
  ]
]
  UAV ID: agent_2_6,traj len: 15 ,Trajectory :
 [
  [
    122.09606416124836,
    47.70873263826419,
    151.03657766464477
  ],
  [
    122.09605202419348,
    47.708690991326954,
    144.38075800969148
  ],
  [
    122.09600905463502,
    47.7086365787167,
    139.30708043328542
  ],
  [
    122.0960181708209,
    47.708622738667046,
    135.4394385522341
  ],
  [
    122.09602451875043,
    47.708623577671766,
    132.49108372970562
  ],
  [
    122.09608883288256,
    47.708659775729195,
    130.24359378694334
  ],
  [
    122.09622417750651,
    47.708741440600654,
    128.53022133417034
  ],
  [
    122.09636953432778,
    47.708909854027276,
    127.22406910890264
  ],
  [
    122.09662073854783,
    47.70919350219562,
    126.22821482511836
  ],
  [
    122.09691899281981,
    47.709637330830546,
    125.46885665062591
  ],
  [
    122.09726916503436,
    47.710358538080314,
    124.8896047455662
  ],
  [
    122.09766847549112,
    47.71148602775487,
    124.44750209491241
  ],
  [
    122.09802322718774,
    47.71317395986305,
    124.10966632849365
  ],
  [
    122.09532177577992,
    47.70952596825528,
    123.85667147105096
  ],
  [
    122.09525204030835,
    47.70937539809634,
    123.0349182512531
  ]
]
  UAV ID: agent_2_7,traj len: 15 ,Trajectory :
 [
  [
    122.09616215477446,
    53.28856284935575,
    156.07972110903432
  ],
  [
    122.09615655467367,
    53.28849280479487,
    149.42390343203152
  ],
  [
    122.09616061758314,
    53.288461616677424,
    144.35019600811566
  ],
  [
    122.09621513141433,
    53.28845217857919,
    140.48253749017803
  ],
  [
    122.09632446731368,
    53.28849150320914,
    137.53419091185495
  ],
  [
    122.09645095071512,
    53.288572386374334,
    135.28661240611112
  ],
  [
    122.09667483709464,
    53.28872288823786,
    133.57317593446535
  ],
  [
    122.09698680324215,
    53.28897979685524,
    132.26689970436396
  ],
  [
    122.09740263600361,
    53.28943598987463,
    131.27086507491984
  ],
  [
    122.09788777064078,
    53.29013151744749,
    130.51124013281859
  ],
  [
    122.09845042246438,
    53.29122451391475,
    129.931600913514
  ],
  [
    122.09910286733009,
    53.29288124852367,
    129.48888955114003
  ],
  [
    122.09965281215635,
    53.295396081513594,
    129.15012958136833
  ],
  [
    122.09571104379845,
    53.29013942472551,
    128.89891344197866
  ],
  [
    122.09566838248035,
    53.28998728351994,
    128.07715812313276
  ]
]

Generating formation for segment 3_0 -> 3_1 with UAV IDs: ['agent_1_0', 'agent_1_1', 'agent_1_2', 'agent_1_3', 'agent_1_4', 'agent_1_5', 'agent_2_0', 'agent_2_1', 'agent_2_2', 'agent_2_3', 'agent_2_4', 'agent_2_5', 'agent_2_6', 'agent_2_7']
Segment 3_0 -> 3_1 formation trajectories:
  UAV ID: agent_1_0,traj len: 15 ,Trajectory :
 [
  [
    122.09395575402459,
    16.983202085276325,
    133.84130211176816
  ],
  [
    122.09424137498759,
    16.98292007487551,
    113.98549866887772
  ],
  [
    122.09451544375689,
    16.982640046498258,
    98.04103197286337
  ],
  [
    122.09469911577646,
    16.982377242615843,
    85.23740959139948
  ],
  [
    122.09482083593478,
    16.982165037737236,
    74.95597273574687
  ],
  [
    122.09492510018207,
    16.981983977755483,
    66.69993680824517
  ],
  [
    122.09493359823598,
    16.981874594788955,
    60.07025998849486
  ],
  [
    122.09482284934681,
    16.98181587565621,
    54.746662948357084
  ],
  [
    122.09454926325034,
    16.9817868845049,
    50.47187092874068
  ],
  [
    122.09407039189065,
    16.981838345461444,
    47.039219288199305
  ],
  [
    122.0932655494218,
    16.98191083690575,
    44.28286009980359
  ],
  [
    122.09202536141427,
    16.981965875528804,
    42.06948585994627
  ],
  [
    122.09018766461308,
    16.981884602614947,
    40.29204120686845
  ],
  [
    122.09652084390427,
    16.977950756159053,
    38.86107593170619
  ],
  [
    122.0971250087032,
    16.977694809682948,
    33.04169570611435
  ]
]
  UAV ID: agent_1_1,traj len: 15 ,Trajectory :
 [
  [
    122.09405229390522,
    18.627620769815916,
    129.41267042678558
  ],
  [
    122.09433767856335,
    18.627304001100583,
    109.5568317854485
  ],
  [
    122.09459261622024,
    18.627007294463212,
    93.6123681756403
  ],
  [
    122.09482409290239,
    18.626677774317763,
    80.80873579653284
  ],
  [
    122.09496809708382,
    18.62642177272717,
    70.52729294560558
  ],
  [
    122.0951182187062,
    18.6261651074229,
    62.27122460357822
  ],
  [
    122.09516445126981,
    18.625961269897303,
    55.64152655036668
  ],
  [
    122.09512353631179,
    18.625827707985103,
    50.31789287937164
  ],
  [
    122.09497315868815,
    18.625730438019897,
    46.04304393640889
  ],
  [
    122.09465801708613,
    18.62568599682218,
    42.610379810216486
  ],
  [
    122.09408565214474,
    18.625665165020337,
    39.85399233335644
  ],
  [
    122.09317759543035,
    18.625617515402915,
    37.64056867186523
  ],
  [
    122.09180310634235,
    18.62548318897414,
    35.863090133382315
  ],
  [
    122.0969610026418,
    18.622282896819744,
    34.43239056636681
  ],
  [
    122.09756971545389,
    18.622035274743766,
    28.613005701391234
  ]
]
  UAV ID: agent_1_2,traj len: 15 ,Trajectory :
 [
  [
    122.09407950135713,
    22.619435524022414,
    127.37164389842314
  ],
  [
    122.09438462950725,
    22.619088710995428,
    107.5158105423682
  ],
  [
    122.09464793765291,
    22.618755593777145,
    91.57128938609468
  ],
  [
    122.09486570650296,
    22.61846860394095,
    78.76762625596712
  ],
  [
    122.09505048449114,
    22.61813389942575,
    68.48611212905242
  ],
  [
    122.09517905270756,
    22.617853643171195,
    60.2299713133255
  ],
  [
    122.09526653933446,
    22.617631290074126,
    53.60025038261543
  ],
  [
    122.09526867194549,
    22.617457976566364,
    48.2765302880494
  ],
  [
    122.09518626670862,
    22.61732640112224,
    44.00157898131712
  ],
  [
    122.09490275557019,
    22.61722650043349,
    40.568850986328556
  ],
  [
    122.09447727645635,
    22.617154043330977,
    37.812332739211534
  ],
  [
    122.0937059003406,
    22.617059305713703,
    35.598864610547146
  ],
  [
    122.09255758621501,
    22.616897593752046,
    33.82132328538279
  ],
  [
    122.09717541236,
    22.61404639370185,
    32.39130968158353
  ],
  [
    122.09777615486246,
    22.613819459488695,
    26.571915943617157
  ]
]
  UAV ID: agent_1_3,traj len: 15 ,Trajectory :
 [
  [
    122.09410823106523,
    25.28133634357247,
    123.97408390689334
  ],
  [
    122.09444797166988,
    25.280985167081713,
    104.11821236673507
  ],
  [
    122.0947134730002,
    25.28061771599295,
    88.17366980375652
  ],
  [
    122.0949682208773,
    25.280277002935954,
    75.37000025718113
  ],
  [
    122.09515867546011,
    25.279938278862442,
    65.0884588178696
  ],
  [
    122.09531295997999,
    25.27961757130455,
    56.83228104797228
  ],
  [
    122.09544407846144,
    25.279315396277994,
    50.20249012817736
  ],
  [
    122.09551722765875,
    25.279080848870983,
    44.87876172822175
  ],
  [
    122.09549708726323,
    25.27887481591191,
    40.60377536985683
  ],
  [
    122.09539510453676,
    25.2786855077272,
    37.170940478955366
  ],
  [
    122.09508636529439,
    25.2785569793223,
    34.414381457174635
  ],
  [
    122.0946076892298,
    25.27839165135575,
    32.20083631600396
  ],
  [
    122.09381425046732,
    25.278195408966358,
    30.423295508297986
  ],
  [
    122.0975164135879,
    25.275880072752962,
    28.99372724036627
  ],
  [
    122.09810649134634,
    25.27568162332734,
    23.17431165545801
  ]
]
  UAV ID: agent_1_4,traj len: 15 ,Trajectory :
 [
  [
    122.0941886240693,
    28.44516207103301,
    121.07875689255306
  ],
  [
    122.09451229746993,
    28.444775431020485,
    101.22287795646207
  ],
  [
    122.09480575656569,
    28.444417694768507,
    85.2783092681751
  ],
  [
    122.09504383352161,
    28.444027486610317,
    72.47458663842104
  ],
  [
    122.09523550015291,
    28.443643008875387,
    62.19298581925647
  ],
  [
    122.09545473330171,
    28.44328119773787,
    53.93679748718758
  ],
  [
    122.09559610693199,
    28.442948395903077,
    47.306955119911855
  ],
  [
    122.0956965847288,
    28.44264878314932,
    41.98314012646249
  ],
  [
    122.09576831038608,
    28.442378451604846,
    37.70807895369489
  ],
  [
    122.09575635717667,
    28.442123139932235,
    34.275193476306356
  ],
  [
    122.09565393024745,
    28.441928693383026,
    31.518568137020758
  ],
  [
    122.09536631694809,
    28.44171776895114,
    29.304967737892216
  ],
  [
    122.09486716486371,
    28.441479184004816,
    27.52736619138322
  ],
  [
    122.09780422496094,
    28.439666199256333,
    26.098330198556287
  ],
  [
    122.09839549086975,
    28.439428307755193,
    20.278913572369134
  ]
]
  UAV ID: agent_1_5,traj len: 15 ,Trajectory :
 [
  [
    122.09425369683247,
    31.274154776919172,
    117.83901479120834
  ],
  [
    122.09455380723014,
    31.27376976550698,
    97.98312576383739
  ],
  [
    122.09486126148335,
    31.273356434420208,
    82.03853276030502
  ],
  [
    122.09510828046926,
    31.272964976193173,
    69.23476968217963
  ],
  [
    122.09535122946552,
    31.27254639279039,
    58.9531475097011
  ],
  [
    122.09558413229523,
    31.272133676032695,
    50.69689354130527
  ],
  [
    122.09575778943797,
    31.27172426980389,
    44.06702161930182
  ],
  [
    122.09595338784679,
    31.271361213700413,
    38.74317051008827
  ],
  [
    122.09608146711462,
    31.27103377463023,
    34.4680327981117
  ],
  [
    122.09620318997325,
    31.270715920708703,
    31.035086658620045
  ],
  [
    122.0962370380441,
    31.270431262134405,
    28.278398005355264
  ],
  [
    122.09622602942882,
    31.27015477636987,
    26.06470345224121
  ],
  [
    122.09604932138234,
    31.269867433261915,
    24.28711086678958
  ],
  [
    122.09813550984613,
    31.26862606147681,
    22.858545662605554
  ],
  [
    122.09872969916319,
    31.26835793464366,
    17.03912666511577
  ]
]
  UAV ID: agent_2_0,traj len: 15 ,Trajectory :
 [
  [
    122.09429457345841,
    34.485950015003105,
    114.99734534364259
  ],
  [
    122.09461732979646,
    34.48552059307131,
    95.14145375688601
  ],
  [
    122.0949142353514,
    34.48508852536851,
    79.1968227040809
  ],
  [
    122.09519834402039,
    34.48464235599849,
    66.39301991553727
  ],
  [
    122.09546257840452,
    34.484185941568064,
    56.11139643372962
  ],
  [
    122.09568838406348,
    34.483735194056564,
    47.85508153930728
  ],
  [
    122.09590919010573,
    34.4833059987859,
    41.22514196446755
  ],
  [
    122.09614183958107,
    34.48290388597133,
    35.90120680459655
  ],
  [
    122.0963513034387,
    34.482486284330285,
    31.626034653595084
  ],
  [
    122.09657505427866,
    34.482115113944666,
    28.193026682547387
  ],
  [
    122.09677893686218,
    34.481761703789715,
    25.43624985995561
  ],
  [
    122.09697041535456,
    34.481460155923365,
    23.22252742799592
  ],
  [
    122.09711370055462,
    34.48112619287735,
    21.444873601380696
  ],
  [
    122.098454880832,
    34.480332552534776,
    20.016826741543817
  ],
  [
    122.09901290392293,
    34.4800996241673,
    14.197436608237577
  ]
]
  UAV ID: agent_2_1,traj len: 15 ,Trajectory :
 [
  [
    122.09434942104485,
    37.54912526158808,
    112.00000691489033
  ],
  [
    122.09467742960649,
    37.5486914458734,
    92.1440560918175
  ],
  [
    122.09499813932486,
    37.548246540771544,
    76.19938954815551
  ],
  [
    122.09525678865405,
    37.54777006980343,
    63.395581265234185
  ],
  [
    122.09552981897296,
    37.547274891288026,
    53.11391466613677
  ],
  [
    122.0958088710868,
    37.54678986000773,
    44.85757012257285
  ],
  [
    122.09608027517965,
    37.546301014061314,
    38.22758300218281
  ],
  [
    122.09633029959772,
    37.54585817984319,
    32.90359314603205
  ],
  [
    122.09663938800253,
    37.54537450683471,
    28.628336458238465
  ],
  [
    122.09698765067938,
    37.54493272269506,
    25.195251761815314
  ],
  [
    122.0973291250536,
    37.5444932614769,
    22.43841920415148
  ],
  [
    122.09775321887267,
    37.54412707756477,
    20.224642470514127
  ],
  [
    122.09821440555875,
    37.5437396305047,
    18.44694920240462
  ],
  [
    122.09874622380035,
    37.54347082531123,
    17.019405213626275
  ],
  [
    122.09930827573491,
    37.54323379182888,
    11.199985174066295
  ]
]
  UAV ID: agent_2_2,traj len: 15 ,Trajectory :
 [
  [
    122.0942864730362,
    40.51018862481613,
    115.09830538730374
  ],
  [
    122.0946137698901,
    40.509770222392895,
    95.24232570102022
  ],
  [
    122.0949334938907,
    40.509332345682346,
    79.29766759743205
  ],
  [
    122.09519125465333,
    40.508886249347334,
    66.49383287720234
  ],
  [
    122.09543823431918,
    40.50847550785178,
    56.21210202525572
  ],
  [
    122.09569070056895,
    40.5080069341802,
    47.955715230459745
  ],
  [
    122.09591228406568,
    40.50758443280379,
    41.325676221255875
  ],
  [
    122.09613720178083,
    40.50716257818525,
    36.00162350158155
  ],
  [
    122.09633195937991,
    40.50677535049942,
    31.726312068415556
  ],
  [
    122.09654905132629,
    40.50639020498637,
    28.293163680495095
  ],
  [
    122.09674846216309,
    40.506060048770316,
    25.536256842966537
  ],
  [
    122.09692585617395,
    40.50573566512566,
    23.32241634835008
  ],
  [
    122.09706837622159,
    40.50539872238728,
    21.544670160164298
  ],
  [
    122.09842502455108,
    40.50458696034672,
    20.11763181355907
  ],
  [
    122.09901225564835,
    40.50436522826962,
    14.298228478811275
  ]
]
  UAV ID: agent_2_3,traj len: 15 ,Trajectory :
 [
  [
    122.09424386395939,
    43.5534461907311,
    118.11697084809141
  ],
  [
    122.0945751395759,
    43.55307408232926,
    98.26099025825997
  ],
  [
    122.09483941972306,
    43.55267149011338,
    82.31627993084871
  ],
  [
    122.09509311670872,
    43.552237404612846,
    69.51241896207647
  ],
  [
    122.09534055100117,
    43.551824493424775,
    59.23068924778599
  ],
  [
    122.09554715075409,
    43.55143916147752,
    50.97423712204512
  ],
  [
    122.0957489810836,
    43.551051751113114,
    44.344167822940015
  ],
  [
    122.09591375194505,
    43.55068373805484,
    39.020061581605695
  ],
  [
    122.09603254905392,
    43.55036924611396,
    34.74466372673887
  ],
  [
    122.09615598276932,
    43.55003847644722,
    31.311439022677487
  ],
  [
    122.09618755401375,
    43.54977107329072,
    28.554469296685493
  ],
  [
    122.09614617778162,
    43.549489206110096,
    26.340582778676037
  ],
  [
    122.09598367305932,
    43.54923382740844,
    24.56279495778033
  ],
  [
    122.09811218472062,
    43.54793207924986,
    23.13629066551296
  ],
  [
    122.09871932777958,
    43.54769056930306,
    17.316871991100186
  ]
]
  UAV ID: agent_2_4,traj len: 15 ,Trajectory :
 [
  [
    122.0941888856554,
    46.86202380540676,
    120.86433118736834
  ],
  [
    122.09451852086156,
    46.86165445782461,
    101.00830910863336
  ],
  [
    122.09477633935587,
    46.86126625198292,
    85.06360501063118
  ],
  [
    122.09503900059873,
    46.86088502830264,
    72.25969024607538
  ],
  [
    122.09525755922004,
    46.86048731930146,
    61.97789836129301
  ],
  [
    122.09545344354913,
    46.86013046228224,
    53.72139191166661
  ],
  [
    122.0955941598524,
    46.859800011825655,
    47.09126179819271
  ],
  [
    122.09570544414684,
    46.859500921818594,
    41.767105364839274
  ],
  [
    122.0957919718432,
    46.85920751265705,
    37.49165526933198
  ],
  [
    122.09580272298528,
    46.85897591793702,
    34.058348292129416
  ],
  [
    122.09568450730663,
    46.85873990315395,
    31.301301012626677
  ],
  [
    122.09541821932,
    46.85854118490032,
    29.08733054870572
  ],
  [
    122.09494014187052,
    46.85829361058556,
    27.309534885385307
  ],
  [
    122.09782998350295,
    46.856524630434286,
    25.88354357315086
  ],
  [
    122.0984218779031,
    46.85630040939616,
    20.064171279074717
  ]
]
  UAV ID: agent_2_5,traj len: 15 ,Trajectory :
 [
  [
    122.09414462873308,
    49.90230610031879,
    123.88596610032276
  ],
  [
    122.09446054858309,
    49.90195221878359,
    104.02993028244354
  ],
  [
    122.09472355544442,
    49.90159049442121,
    88.0852184772487
  ],
  [
    122.0949661863486,
    49.90126093375583,
    75.28127780230318
  ],
  [
    122.09516201205129,
    49.90089065078114,
    64.999430686006
  ],
  [
    122.09533317948055,
    49.900579950199884,
    56.74293119224087
  ],
  [
    122.0954463784347,
    49.90028308288615,
    50.112740603108016
  ],
  [
    122.09550227483686,
    49.90001510561567,
    44.78852709596451
  ],
  [
    122.09551075188645,
    49.899809495669224,
    40.51300072370849
  ],
  [
    122.09538342320631,
    49.89963755003193,
    37.079613753443375
  ],
  [
    122.09512199792263,
    49.89949743074183,
    34.322505999813295
  ],
  [
    122.09463181020037,
    49.89936042538561,
    32.108480809811084
  ],
  [
    122.09384918601528,
    49.89914429844188,
    30.330611095583606
  ],
  [
    122.09753433313044,
    49.89687810432199,
    28.905160792761396
  ],
  [
    122.09811503525373,
    49.89663486513136,
    23.085764643995244
  ]
]
  UAV ID: agent_2_6,traj len: 15 ,Trajectory :
 [
  [
    122.0940802010639,
    52.57134335891267,
    127.28124811953114
  ],
  [
    122.09438164909152,
    52.571018788037925,
    107.42522575908878
  ],
  [
    122.09464496282605,
    52.570685895425775,
    91.48045096113995
  ],
  [
    122.09488254474701,
    52.57036453040047,
    78.67647347333424
  ],
  [
    122.09503720449939,
    52.57007074491681,
    68.39460943309034
  ],
  [
    122.09518876103795,
    52.56978721188382,
    60.138047950656144
  ],
  [
    122.09527812627167,
    52.56956658569032,
    53.507791211999994
  ],
  [
    122.09527460527134,
    52.56935689863423,
    48.18355590718495
  ],
  [
    122.09517744623359,
    52.56921251247801,
    43.90796442263918
  ],
  [
    122.09494298936322,
    52.56913872399389,
    40.47454075280554
  ],
  [
    122.0944821089542,
    52.569046387848715,
    37.71734551800574
  ],
  [
    122.09373494050543,
    52.56897749528827,
    35.50328204616515
  ],
  [
    122.09260361513898,
    52.56880613542352,
    33.725405703479474
  ],
  [
    122.09718193770186,
    52.56595817175245,
    32.30038652192235
  ],
  [
    122.09777714305662,
    52.565738498798034,
    26.4809761371637
  ]
]
  UAV ID: agent_2_7,traj len: 15 ,Trajectory :
 [
  [
    122.09403619530715,
    55.7861806163867,
    130.12829374844574
  ],
  [
    122.09433564942225,
    55.78589620345111,
    110.27221151988627
  ],
  [
    122.09458223338217,
    55.785581353950356,
    94.32739034162125
  ],
  [
    122.09478987511284,
    55.78528525285847,
    81.52341125372462
  ],
  [
    122.09494680804954,
    55.78502286167447,
    71.24152905393768
  ],
  [
    122.09508835592823,
    55.78477747322325,
    62.98489799275881
  ],
  [
    122.0951123005589,
    55.78459659173238,
    56.354619194614294
  ],
  [
    122.09508262814754,
    55.78445497997189,
    51.03028906721696
  ],
  [
    122.09489226625826,
    55.784394970886495,
    46.75465201304616
  ],
  [
    122.09456286972757,
    55.784334140126596,
    43.32113436153721
  ],
  [
    122.09395878213094,
    55.78434165877476,
    40.563906090624265
  ],
  [
    122.09299225926324,
    55.78430558487135,
    38.349753644996525
  ],
  [
    122.09155088410436,
    55.78415802224737,
    36.57181220340461
  ],
  [
    122.09689944807899,
    55.78086957874957,
    35.14734070637811
  ],
  [
    122.09751176415324,
    55.78061934164186,
    29.327922444979517
  ]
]

Generating formation for segment 3_1 -> 5_1 with UAV IDs: ['agent_1_0', 'agent_1_1', 'agent_2_1', 'agent_2_6']
Segment 3_1 -> 5_1 formation trajectories:
  UAV ID: agent_1_0,traj len: 15 ,Trajectory :
 [
  [
    122.0993144536327,
    58.873976493499036,
    -11.295019953319763
  ],
  [
    122.09932335849169,
    58.873964397909944,
    16.164062895577903
  ],
  [
    122.09930679641309,
    58.873963100410805,
    37.83205013666108
  ],
  [
    122.09933625148398,
    58.873982244678245,
    54.930266266824766
  ],
  [
    122.09933812620993,
    58.873964622830584,
    68.42249513834807
  ],
  [
    122.0993188683865,
    58.87397149086759,
    79.06920096435982
  ],
  [
    122.09933305442043,
    58.87397590098969,
    87.470536923754
  ],
  [
    122.09931710912397,
    58.87398501128669,
    94.10004155846373
  ],
  [
    122.09931989886186,
    58.87397093702456,
    99.33137050568482
  ],
  [
    122.09932886266442,
    58.87396389065042,
    103.45945714916547
  ],
  [
    122.09932963323563,
    58.87396251118543,
    106.71689033430722
  ],
  [
    122.09934173064813,
    58.87397364660656,
    109.28734025676366
  ],
  [
    122.09931741091195,
    58.87397145071599,
    111.31569752173789
  ],
  [
    122.09933092296986,
    58.87398068382482,
    112.91625994705618
  ],
  [
    122.09932890126444,
    58.87399000720157,
    114.17927454084041
  ]
]
  UAV ID: agent_1_1,traj len: 15 ,Trajectory :
 [
  [
    122.09932656269109,
    47.59154966224768,
    -1.3369538412600357
  ],
  [
    122.09933457918481,
    47.591543290571515,
    26.122120204137282
  ],
  [
    122.09931783708667,
    47.59153409605022,
    47.790108640673154
  ],
  [
    122.099331055018,
    47.59153330709418,
    64.88833222042179
  ],
  [
    122.09932824729198,
    47.59153545883492,
    78.38057092404728
  ],
  [
    122.09930173451116,
    47.591513632414404,
    89.02726701584757
  ],
  [
    122.0993011697852,
    47.591520411540074,
    97.4286179166411
  ],
  [
    122.09931953955278,
    47.591522707815756,
    104.05810849383339
  ],
  [
    122.0993404259511,
    47.59151990988544,
    109.28944410216556
  ],
  [
    122.09933272915086,
    47.591510438174964,
    113.41749710238003
  ],
  [
    122.09932002883725,
    47.591538274716896,
    116.67494446099691
  ],
  [
    122.09932536378868,
    47.59152249881846,
    119.24541939437873
  ],
  [
    122.0993141880473,
    47.59151246162218,
    121.27376286290892
  ],
  [
    122.09932553342071,
    47.59152613461818,
    122.87433560618689
  ],
  [
    122.09931839506565,
    47.59152389730252,
    124.13734992240755
  ]
]
  UAV ID: agent_2_1,traj len: 15 ,Trajectory :
 [
  [
    122.0993181533705,
    37.543240175940106,
    9.800006891567708
  ],
  [
    122.09930410507987,
    37.543230177466725,
    37.25909789228622
  ],
  [
    122.09932607880015,
    37.54322748214493,
    58.927070431428
  ],
  [
    122.09932319671594,
    37.543236104307724,
    76.02529609617322
  ],
  [
    122.09932474032689,
    37.543246946922125,
    89.5175226941026
  ],
  [
    122.09931805099205,
    37.543244510430675,
    100.16423325704245
  ],
  [
    122.09930835511537,
    37.5432444448975,
    108.56555586337272
  ],
  [
    122.09933163612207,
    37.54324907044329,
    115.19503927273382
  ],
  [
    122.09931573255449,
    37.54326055445176,
    120.42640518243665
  ],
  [
    122.0992992013928,
    37.54326317254277,
    124.55446963870104
  ],
  [
    122.09931359474884,
    37.5432333728192,
    127.81191550294885
  ],
  [
    122.09932738975648,
    37.54325709230724,
    130.38236522575292
  ],
  [
    122.09931579436106,
    37.54324889255173,
    132.41071490839818
  ],
  [
    122.09931327489943,
    37.54324350929589,
    134.011285619116
  ],
  [
    122.09931128547211,
    37.54324686779931,
    135.2742991435015
  ]
]
  UAV ID: agent_2_6,traj len: 15 ,Trajectory :
 [
  [
    122.0993169356529,
    26.62853307528039,
    -0.489264130133897
  ],
  [
    122.09932075004272,
    26.62852282714869,
    26.969832249258854
  ],
  [
    122.09931932206304,
    26.62851344411913,
    48.63779808518811
  ],
  [
    122.09934065816584,
    26.628528360814133,
    65.73605081519109
  ],
  [
    122.09932503764267,
    26.628516177975538,
    79.22822300906722
  ],
  [
    122.09932402609743,
    26.628517987237306,
    89.87495261328039
  ],
  [
    122.09931608845295,
    26.628536279011957,
    98.27630448584469
  ],
  [
    122.09931580115158,
    26.628527325616428,
    104.90576968684049
  ],
  [
    122.09930438948116,
    26.62852957339885,
    110.13714439804154
  ],
  [
    122.09934005332147,
    26.628538820188062,
    114.2651972568885
  ],
  [
    122.09932072765163,
    26.62851599569748,
    117.52265764732014
  ],
  [
    122.09932099925766,
    26.62850395314428,
    120.09311763909746
  ],
  [
    122.09932779430736,
    26.628534627228508,
    122.12143745277007
  ],
  [
    122.09931774006773,
    26.628549400716942,
    123.72202241036615
  ],
  [
    122.09934041422136,
    26.628534030187627,
    124.98504097395936
  ]
]

Generating formation for segment 5_1 -> 5_2 with UAV IDs: ['agent_1_0', 'agent_1_1', 'agent_2_1', 'agent_2_6']
Segment 5_1 -> 5_2 formation trajectories:
  UAV ID: agent_1_0,traj len: 15 ,Trajectory :
 [
  [
    122.10069947054244,
    17.14605301607287,
    161.9989784699596
  ],
  [
    122.10007224381329,
    17.145981221697152,
    151.99892781600818
  ],
  [
    122.0994432595848,
    17.145928365453095,
    141.99890441931086
  ],
  [
    122.0988165256775,
    17.145904562155195,
    131.9988802062728
  ],
  [
    122.09820872887057,
    17.145912236484513,
    121.99886338753466
  ],
  [
    122.09756396864243,
    17.145932117783662,
    111.99888827971986
  ],
  [
    122.09694815902704,
    17.145975021510342,
    101.99887879272684
  ],
  [
    122.09633013089513,
    17.14602362289206,
    91.99891294149954
  ],
  [
    122.09570508990842,
    17.146029412444975,
    81.9989550118992
  ],
  [
    122.09507094216454,
    17.146079741194306,
    71.99899126892339
  ],
  [
    122.09445759407618,
    17.146087644346,
    61.999069121245974
  ],
  [
    122.09381290496937,
    17.14610226528014,
    51.99914835189847
  ],
  [
    122.09319291363691,
    17.14608946810625,
    41.99923307402396
  ],
  [
    122.09257903025602,
    17.146022678211178,
    31.999322930631635
  ],
  [
    122.09194314074888,
    17.145827608562534,
    21.999341879358674
  ]
]
  UAV ID: agent_1_1,traj len: 15 ,Trajectory :
 [
  [
    122.10002482263619,
    27.455875736906883,
    151.101593761833
  ],
  [
    122.09937992391839,
    27.45582867436611,
    141.10156247329982
  ],
  [
    122.09876113204949,
    27.45580732908079,
    131.1015257432396
  ],
  [
    122.09815113435437,
    27.4558049568438,
    121.1015463720953
  ],
  [
    122.09752852996753,
    27.455805402623707,
    111.1015244618597
  ],
  [
    122.09689374359581,
    27.455818583077097,
    101.1015231179541
  ],
  [
    122.09627110362133,
    27.455840762183147,
    91.10152397897161
  ],
  [
    122.09563710443095,
    27.45586823652487,
    81.10155936229766
  ],
  [
    122.09501741775003,
    27.45589234296054,
    71.10156158809701
  ],
  [
    122.09440324597774,
    27.455896872061242,
    61.10159607417036
  ],
  [
    122.09378482123935,
    27.45587827690489,
    51.10161398820684
  ],
  [
    122.09313957355022,
    27.455848694750745,
    41.101654997250336
  ],
  [
    122.09254262071407,
    27.455771024951023,
    31.10169764300909
  ],
  [
    122.09190568197197,
    27.455651317000502,
    21.101747457967146
  ],
  [
    122.09127209427628,
    27.455453546690773,
    11.101762593273925
  ]
]
  UAV ID: agent_2_1,traj len: 15 ,Trajectory :
 [
  [
    122.09932098609377,
    37.54324330173006,
    140.0000133984525
  ],
  [
    122.09869849621404,
    37.54321093575245,
    130.00001203633212
  ],
  [
    122.09807532224072,
    37.5432036278141,
    120.00000785716966
  ],
  [
    122.09744543384025,
    37.543202835305074,
    109.99999769178214
  ],
  [
    122.09683722911866,
    37.54321820490976,
    100.00001858550984
  ],
  [
    122.09620192239254,
    37.54322286430547,
    89.99998909858387
  ],
  [
    122.09557475110972,
    37.54326884532126,
    79.99999738459924
  ],
  [
    122.09495347836408,
    37.54327117794717,
    70.00000676039437
  ],
  [
    122.09432166421675,
    37.54325875837473,
    60.000008960242056
  ],
  [
    122.09370055088768,
    37.543242422508406,
    49.99999913802214
  ],
  [
    122.09308176886782,
    37.54317174701633,
    40.000004400408955
  ],
  [
    122.09246987443935,
    37.54310450292616,
    30.000008214001607
  ],
  [
    122.09183133360938,
    37.542980569315176,
    20.00000325395834
  ],
  [
    122.09123976862655,
    37.54281408307975,
    10.00000288454067
  ],
  [
    122.0906062085447,
    37.54263617259482,
    1.7020980845459764e-05
  ]
]
  UAV ID: agent_2_6,traj len: 15 ,Trajectory :
 [
  [
    122.09999661753764,
    47.90661353359254,
    150.84435859310935
  ],
  [
    122.0993707132384,
    47.90656439359555,
    140.84437884037183
  ],
  [
    122.09875747326332,
    47.906549832839424,
    130.84440143797485
  ],
  [
    122.09811048266468,
    47.90656420792244,
    120.84439261227129
  ],
  [
    122.09751449698135,
    47.906550454499275,
    110.84440108165258
  ],
  [
    122.09688348460591,
    47.90656741214516,
    100.84440668197617
  ],
  [
    122.09626290586027,
    47.90659584404959,
    90.84438796150451
  ],
  [
    122.09563086086398,
    47.90662273894559,
    80.84438846996665
  ],
  [
    122.0950118859256,
    47.90664132053352,
    70.84435238206416
  ],
  [
    122.09438916297577,
    47.90664572000043,
    60.84432911613784
  ],
  [
    122.09374829117972,
    47.90662867917541,
    50.84431521041547
  ],
  [
    122.09313313744235,
    47.90659453640457,
    40.84426854378677
  ],
  [
    122.09251642407864,
    47.9065298992558,
    30.844227543619635
  ],
  [
    122.09188787141252,
    47.90640344628244,
    20.84418067575003
  ],
  [
    122.09128021771554,
    47.90619414459841,
    10.844186088291679
  ]
]

Generating formation for segment 1_0 -> 1_1 with UAV IDs: ['agent_1_0', 'agent_1_1', 'agent_1_2', 'agent_1_3', 'agent_1_4', 'agent_1_5']
Segment 1_0 -> 1_1 formation trajectories:
  UAV ID: agent_1_0,traj len: 15 ,Trajectory :
 [
  [
    122.09740016950818,
    16.918586881542268,
    221.7649001605126
  ],
  [
    122.09843881545561,
    16.92472900329799,
    207.50128862235687
  ],
  [
    122.097203668149,
    16.922610109367252,
    204.96053829907967
  ],
  [
    122.09654662514227,
    16.92050627339364,
    201.96783628719828
  ],
  [
    122.09629307585311,
    16.918499234538682,
    198.4428004100094
  ],
  [
    122.09626596409609,
    16.91665867130039,
    194.2906852976484
  ],
  [
    122.0963660240713,
    16.91491338828026,
    189.39986246611548
  ],
  [
    122.09652256941882,
    16.913288776497,
    183.63887470791622
  ],
  [
    122.09657476149242,
    16.911751795233553,
    176.85278572586046
  ],
  [
    122.0965193255425,
    16.91029108686645,
    168.8590823592744
  ],
  [
    122.0962768512253,
    16.908889398973546,
    159.4428832995751
  ],
  [
    122.09577551403271,
    16.907582657905532,
    148.35095033137188
  ],
  [
    122.09501320589199,
    16.906394448474206,
    135.28507331783896
  ],
  [
    122.09392830018662,
    16.90535518794915,
    119.8939535458479
  ],
  [
    122.0924927787193,
    16.90484586642041,
    101.76410522647153
  ]
]
  UAV ID: agent_1_1,traj len: 15 ,Trajectory :
 [
  [
    122.09722591571536,
    23.179568438203013,
    213.89418832644253
  ],
  [
    122.09774277041586,
    23.18314258830436,
    199.6285828542872
  ],
  [
    122.09685583992788,
    23.181411296182006,
    197.08811283838554
  ],
  [
    122.09640525924775,
    23.179730338028968,
    194.09572320487274
  ],
  [
    122.09620750617304,
    23.178080280750365,
    190.57097706541347
  ],
  [
    122.09617504394842,
    23.176502128948737,
    186.41911464894508
  ],
  [
    122.09623729598995,
    23.175028805871516,
    181.528532131393
  ],
  [
    122.09630395677249,
    23.173621611933477,
    175.7677129948036
  ],
  [
    122.09628103021109,
    23.172278718731363,
    168.9817490095939
  ],
  [
    122.09613092041826,
    23.171000842720826,
    160.98816328556103
  ],
  [
    122.09578774789094,
    23.169756429583824,
    151.57210237343037
  ],
  [
    122.09524231851474,
    23.168604600157,
    140.4802945910365
  ],
  [
    122.09439636873459,
    23.167550752450836,
    127.41452318628961
  ],
  [
    122.09331625676445,
    23.166631130322532,
    112.0235094866795
  ],
  [
    122.0918842490541,
    23.1661453536625,
    93.89363286737633
  ]
]
  UAV ID: agent_1_2,traj len: 15 ,Trajectory :
 [
  [
    122.09705694333839,
    30.854582821245877,
    207.4138647760755
  ],
  [
    122.09714068122014,
    30.856049008316447,
    193.14575422163472
  ],
  [
    122.09659581032115,
    30.854676784223436,
    190.60568442418185
  ],
  [
    122.09630573504998,
    30.85328094512533,
    187.6136827609301
  ],
  [
    122.09615400797516,
    30.851920902675502,
    184.0892594348921
  ],
  [
    122.09614798814681,
    30.8506186074151,
    179.9376879980808
  ],
  [
    122.09613614910552,
    30.849335738311755,
    175.04736108565754
  ],
  [
    122.09611976827142,
    30.848132822513378,
    169.2867392070928
  ],
  [
    122.09602411712908,
    30.84694488475653,
    162.50098485915498
  ],
  [
    122.09579936606964,
    30.845795292735552,
    154.50759026181177
  ],
  [
    122.09539908531511,
    30.844680452576927,
    145.0916453915487
  ],
  [
    122.09477247220798,
    30.843665155263576,
    133.99998918804357
  ],
  [
    122.09392860400331,
    30.842731607554644,
    120.93438031153391
  ],
  [
    122.09280649743025,
    30.841895479143385,
    105.54348483257925
  ],
  [
    122.09136668447893,
    30.841413721789984,
    87.4136212289684
  ]
]
  UAV ID: agent_1_3,traj len: 15 ,Trajectory :
 [
  [
    122.09686630231191,
    37.565374925148305,
    200.0000001387067
  ],
  [
    122.09650769807729,
    37.56441848406324,
    185.72966393087316
  ],
  [
    122.09628751049802,
    37.56340963756673,
    183.18998270931053
  ],
  [
    122.0961464946301,
    37.56240046737643,
    180.19829690660282
  ],
  [
    122.09607011722146,
    37.56136936063782,
    176.67417578753552
  ],
  [
    122.09607123877488,
    37.56034445379874,
    172.52286093466046
  ],
  [
    122.09603719980745,
    37.559326032348636,
    167.6327525878795
  ],
  [
    122.09592328655224,
    37.558296185348034,
    161.87231874214106
  ],
  [
    122.095733169479,
    37.557284674650404,
    155.08671249934224
  ],
  [
    122.0954336223982,
    37.55632855148771,
    147.09352241617577
  ],
  [
    122.0949509301969,
    37.555374495711355,
    137.67767423499993
  ],
  [
    122.09428161281383,
    37.55447970443992,
    126.58615114986848
  ],
  [
    122.09335934616828,
    37.553665940810845,
    113.520675321973
  ],
  [
    122.0922124992857,
    37.55298502282419,
    98.12988139639138
  ],
  [
    122.09077433704245,
    37.5524851150594,
    79.99999698886808
  ]
]
  UAV ID: agent_1_4,traj len: 15 ,Trajectory :
 [
  [
    122.09704172641612,
    44.93060643452536,
    206.76409108980133
  ],
  [
    122.09709335272565,
    44.93189275947512,
    192.4913790681278
  ],
  [
    122.09657464246166,
    44.930521669548696,
    189.95205579549383
  ],
  [
    122.0962627021593,
    44.92917417851145,
    186.96072395099077
  ],
  [
    122.09616580755939,
    44.92785250368182,
    183.43693364733002
  ],
  [
    122.09613033183794,
    44.926568546723885,
    179.28587821578648
  ],
  [
    122.09614049941855,
    44.925312036117525,
    174.39604271656918
  ],
  [
    122.09610002745136,
    44.92411588093675,
    168.63580606904273
  ],
  [
    122.09599306382889,
    44.92293148486041,
    161.85040099521765
  ],
  [
    122.09577124349342,
    44.92181089472484,
    153.85733381634387
  ],
  [
    122.09535775424345,
    44.92071616579872,
    144.4416793804896
  ],
  [
    122.09473941763606,
    44.91971587842639,
    133.35026812054892
  ],
  [
    122.09388588713051,
    44.91877442240265,
    120.28491252002912
  ],
  [
    122.09272362765202,
    44.91797564843741,
    104.8942461263574
  ],
  [
    122.09131289813335,
    44.91747152662803,
    86.7643846582855
  ]
]
  UAV ID: agent_1_5,traj len: 15 ,Trajectory :
 [
  [
    122.09722473736309,
    51.29539401425714,
    214.54253974949313
  ],
  [
    122.09778501940012,
    51.29917306195141,
    200.2677582901065
  ],
  [
    122.09689023419334,
    51.297430551466675,
    197.72876059799628
  ],
  [
    122.09641629752865,
    51.29570976271078,
    194.73777666284863
  ],
  [
    122.09621371691073,
    51.29404128081132,
    191.21423183842117
  ],
  [
    122.09619888323058,
    51.29245803462694,
    187.06346975277577
  ],
  [
    122.09628271542599,
    51.29096117288703,
    182.17380829862287
  ],
  [
    122.0963076764842,
    51.289523352066965,
    176.4137548160958
  ],
  [
    122.09631493023855,
    51.28814801642865,
    169.62852249127508
  ],
  [
    122.09614508696609,
    51.28685967588061,
    161.6355696036376
  ],
  [
    122.09582543892427,
    51.28563109589483,
    152.22005182179996
  ],
  [
    122.09528625345163,
    51.28444092723818,
    141.1287630714735
  ],
  [
    122.09446673202838,
    51.2833648070187,
    128.06351364243346
  ],
  [
    122.09333513353309,
    51.28246223753504,
    112.67296206985408
  ],
  [
    122.0919139507838,
    51.28196066227662,
    94.54309920305583
  ]
]

Generating formation for segment 1_1 -> 1_2 with UAV IDs: ['agent_1_0', 'agent_1_1', 'agent_1_2', 'agent_1_3', 'agent_1_4', 'agent_1_5']
Segment 1_1 -> 1_2 formation trajectories:
  UAV ID: agent_1_0,traj len: 15 ,Trajectory :
 [
  [
    122.08947032541438,
    57.876474820276826,
    57.93337919496497
  ],
  [
    122.09058204130807,
    57.87726314122757,
    63.648067546434305
  ],
  [
    122.09135120650842,
    57.87789069777692,
    69.36268407070145
  ],
  [
    122.09181644732381,
    57.87832895540103,
    75.07721992037338
  ],
  [
    122.0920082822241,
    57.87861049046161,
    80.79171029328624
  ],
  [
    122.09194043373077,
    57.87876450879298,
    86.50613601643786
  ],
  [
    122.09171569522465,
    57.87881936808728,
    92.22046791986575
  ],
  [
    122.09132245050397,
    57.87879832364927,
    97.93476164401837
  ],
  [
    122.09097995204992,
    57.87876772776002,
    103.64904087011251
  ],
  [
    122.09067636871677,
    57.87874695672995,
    109.36332743242977
  ],
  [
    122.09038131467906,
    57.878747276218554,
    115.07762721298579
  ],
  [
    122.09015707526218,
    57.87875671039006,
    120.79197623412928
  ],
  [
    122.089919272475,
    57.87877227744952,
    126.5063099503196
  ],
  [
    122.08972036009607,
    57.87876825809189,
    132.2206566390972
  ],
  [
    122.08947369174741,
    57.87868816262515,
    137.93495598943278
  ]
]
  UAV ID: agent_1_1,traj len: 15 ,Trajectory :
 [
  [
    122.08991959251895,
    51.575889339043066,
    65.74012559440934
  ],
  [
    122.09076303300203,
    51.57653354172268,
    71.45466233502967
  ],
  [
    122.0913104346402,
    51.577019084795374,
    77.16920488484021
  ],
  [
    122.09161222521945,
    51.57735267573316,
    82.88367181268825
  ],
  [
    122.09167171587268,
    51.5775693851677,
    88.59807870332095
  ],
  [
    122.09155087171892,
    51.5776929368099,
    94.31246342311711
  ],
  [
    122.09128997966192,
    51.57771346895536,
    100.02678065374305
  ],
  [
    122.09095444373094,
    51.57768336698487,
    105.74107930276493
  ],
  [
    122.0906312357026,
    51.57765807317987,
    111.45534650818686
  ],
  [
    122.0903289445542,
    51.57764502914831,
    117.1696457601761
  ],
  [
    122.09008514483968,
    51.57762173418009,
    122.88394971769677
  ],
  [
    122.08981627771013,
    51.57762624673835,
    128.59824963888855
  ],
  [
    122.08959902736711,
    51.57762783760678,
    134.31258295020191
  ],
  [
    122.08938609357998,
    51.577589046496115,
    140.02691995092385
  ],
  [
    122.08913819086627,
    51.5775177114397,
    145.74120878787605
  ]
]
  UAV ID: agent_1_2,traj len: 15 ,Trajectory :
 [
  [
    122.09033755842063,
    44.51958305430439,
    72.826454639886
  ],
  [
    122.09094490947435,
    44.52007758051204,
    78.54088228512583
  ],
  [
    122.0913028773816,
    44.520447134006,
    84.25528663921175
  ],
  [
    122.09143269614869,
    44.52070682887278,
    89.96964192586827
  ],
  [
    122.09137768518023,
    44.520832360215906,
    95.68402662408387
  ],
  [
    122.09121418168237,
    44.52091378292048,
    101.398329952108
  ],
  [
    122.09093456446737,
    44.52091301590831,
    107.11265514263077
  ],
  [
    122.09062895116102,
    44.52088139202832,
    112.82690388609646
  ],
  [
    122.09030334602046,
    44.5208597321484,
    118.54122325335912
  ],
  [
    122.09002374352598,
    44.520830043636515,
    124.25549179051092
  ],
  [
    122.08977644388148,
    44.520830040561464,
    129.96978495882914
  ],
  [
    122.08954803323715,
    44.52080772991454,
    135.68410077213403
  ],
  [
    122.08929573648373,
    44.52076919007208,
    141.39839902668783
  ],
  [
    122.08906977376141,
    44.52072428492022,
    147.11271222171214
  ],
  [
    122.08884745920315,
    44.52066669592722,
    152.82698530307684
  ]
]
  UAV ID: agent_1_3,traj len: 15 ,Trajectory :
 [
  [
    122.0907789883186,
    37.55247717471506,
    80.00000107844319
  ],
  [
    122.09110784046688,
    37.55285582939374,
    85.71427758511805
  ],
  [
    122.09124308303035,
    37.55310436021399,
    91.42857473595296
  ],
  [
    122.09122022213379,
    37.55325594141111,
    97.14284841311412
  ],
  [
    122.09109486585203,
    37.55333818749928,
    102.85713248457859
  ],
  [
    122.09082896598984,
    37.55335904603979,
    108.57145555364352
  ],
  [
    122.09057028214079,
    37.55335503610632,
    114.28570059580082
  ],
  [
    122.09026969856501,
    37.55331219279273,
    119.99999214846555
  ],
  [
    122.08998890252377,
    37.553303438603336,
    125.71428532474023
  ],
  [
    122.0897129271188,
    37.55325809251111,
    131.42855972211174
  ],
  [
    122.08948024036121,
    37.55325089907422,
    137.14285496861
  ],
  [
    122.0892347458339,
    37.55320970617859,
    142.85715186679877
  ],
  [
    122.08899850836261,
    37.553158001847216,
    148.5714512222718
  ],
  [
    122.08876495265446,
    37.55310176949948,
    154.28571861724305
  ],
  [
    122.08852865296342,
    37.55302796740975,
    160.0000125862089
  ]
]
  UAV ID: agent_1_4,traj len: 15 ,Trajectory :
 [
  [
    122.09034948183039,
    30.391660163830927,
    73.0198484279901
  ],
  [
    122.09093571967348,
    30.392181334520792,
    78.73399191541304
  ],
  [
    122.09128351308269,
    30.392509480896138,
    84.44816398948566
  ],
  [
    122.09140902584357,
    30.39275014954992,
    90.16236038938452
  ],
  [
    122.09137767643932,
    30.392893554441496,
    95.87657293547184
  ],
  [
    122.09120972977382,
    30.392984914152787,
    101.59080486420953
  ],
  [
    122.09092276689537,
    30.392987671632124,
    107.30506443918539
  ],
  [
    122.09059050510244,
    30.392962977154696,
    113.01937494684651
  ],
  [
    122.09030152550571,
    30.39294008771811,
    118.73365793340831
  ],
  [
    122.09003276230268,
    30.39291407129784,
    124.4479501810505
  ],
  [
    122.08977271685143,
    30.392874485528807,
    130.1622195371126
  ],
  [
    122.08953236305929,
    30.392866695877622,
    135.87649695257988
  ],
  [
    122.08928137298345,
    30.392823794082197,
    141.59075337205468
  ],
  [
    122.08905659477358,
    30.39281522873865,
    147.3050077464884
  ],
  [
    122.08882622280048,
    30.39272739558833,
    153.01929712873897
  ]
]
  UAV ID: agent_1_5,traj len: 15 ,Trajectory :
 [
  [
    122.08990484267976,
    23.616437625732527,
    65.65474086542667
  ],
  [
    122.09075935273071,
    23.617055343210726,
    71.36875176439042
  ],
  [
    122.09131039015978,
    23.61754814637426,
    77.08281088339992
  ],
  [
    122.09161013951629,
    23.617886568260015,
    82.79690236576513
  ],
  [
    122.09167361227676,
    23.61809718835943,
    88.5110847221758
  ],
  [
    122.09155768040715,
    23.61822251466823,
    94.22527758949363
  ],
  [
    122.09131280483486,
    23.61826474338342,
    99.93951080387248
  ],
  [
    122.09097086633818,
    23.618231638662145,
    105.65381253018732
  ],
  [
    122.09062618727032,
    23.618196053723505,
    111.36811004814413
  ],
  [
    122.09033878942881,
    23.618176090572803,
    117.08238179928065
  ],
  [
    122.09007324107587,
    23.618176265249083,
    122.79663546588186
  ],
  [
    122.08982593771853,
    23.618156786541274,
    128.51090398160477
  ],
  [
    122.0895929638104,
    23.61815665448009,
    134.22517101372395
  ],
  [
    122.08937550978149,
    23.618145091461606,
    139.93941399477185
  ],
  [
    122.08913116750735,
    23.618050991851735,
    145.6536928425479
  ]
]

Generating formation for segment 1_2 -> 3_0 with UAV IDs: ['agent_1_0', 'agent_1_1', 'agent_1_2', 'agent_1_3', 'agent_1_4', 'agent_1_5']
Segment 1_2 -> 3_0 formation trajectories:
  UAV ID: agent_1_0,traj len: 15 ,Trajectory :
 [
  [
    122.08775747495007,
    16.943057154396946,
    181.7997381824485
  ],
  [
    122.08269950594448,
    16.947470173614438,
    170.16373908868042
  ],
  [
    122.0839529359696,
    16.946857016333357,
    168.8232163015307
  ],
  [
    122.0850159015713,
    16.94617435401371,
    167.32830936759552
  ],
  [
    122.08591246226536,
    16.945403506436623,
    165.6612557932491
  ],
  [
    122.08669107901358,
    16.944553348801346,
    163.8022901645876
  ],
  [
    122.08731202116182,
    16.94373864249505,
    161.72927240935263
  ],
  [
    122.08789660778262,
    16.942928384722713,
    159.41767286687804
  ],
  [
    122.08844825855687,
    16.942126828944577,
    156.83997011828325
  ],
  [
    122.08897448985758,
    16.94135363713491,
    153.96550559462142
  ],
  [
    122.08949792183499,
    16.9406325296135,
    150.76017950701643
  ],
  [
    122.0900576636238,
    16.939973606979418,
    147.18587112908097
  ],
  [
    122.09062727617867,
    16.93943436135304,
    143.2000909338481
  ],
  [
    122.09126479596219,
    16.938922509630274,
    138.75546811666035
  ],
  [
    122.09181900040618,
    16.938877760340755,
    133.79946124628378
  ]
]
  UAV ID: agent_1_1,traj len: 15 ,Trajectory :
 [
  [
    122.08801290146734,
    24.146442954381115,
    174.8412777834241
  ],
  [
    122.08467652949868,
    24.14935996997693,
    163.20369610651397
  ],
  [
    122.0856847161023,
    24.148864859485457,
    161.86326314451208
  ],
  [
    122.08652114064515,
    24.14825560159658,
    160.36849228556508
  ],
  [
    122.08723669876952,
    24.147600851023647,
    158.70158664599813
  ],
  [
    122.08786707681433,
    24.146946483598565,
    156.84275056686803
  ],
  [
    122.08842083844301,
    24.14626242939742,
    154.7699086540302
  ],
  [
    122.08892757327037,
    24.14559358974353,
    152.45844886417564
  ],
  [
    122.08942035326858,
    24.144930835376098,
    149.88086925579577
  ],
  [
    122.08990711388194,
    24.144321761575565,
    147.00660270372416
  ],
  [
    122.09039552466707,
    24.143753412439512,
    143.80142082287352
  ],
  [
    122.09090301361113,
    24.14322683268604,
    140.22722456688882
  ],
  [
    122.09146706126926,
    24.142767603299554,
    136.24158500666215
  ],
  [
    122.09206040001727,
    24.142404094847098,
    131.79708130743472
  ],
  [
    122.0926346887303,
    24.142362420449068,
    126.8411080172115
  ]
]
  UAV ID: agent_1_2,traj len: 15 ,Trajectory :
 [
  [
    122.08828293026538,
    30.123674095154062,
    166.69361707099438
  ],
  [
    122.08702178457999,
    30.124801555242502,
    155.0547400634956
  ],
  [
    122.0876748302005,
    30.12440336050336,
    153.71440496082985
  ],
  [
    122.08826662393078,
    30.12395794539498,
    152.21971845930767
  ],
  [
    122.08876350272926,
    30.123469963829443,
    150.55291774890185
  ],
  [
    122.08922756090261,
    30.1229464355207,
    148.69420667997275
  ],
  [
    122.08968898823183,
    30.12245946935762,
    146.6214937662031
  ],
  [
    122.09010754136695,
    30.1219777704335,
    144.31015657076443
  ],
  [
    122.09052029639022,
    30.121508326599674,
    141.7327377698567
  ],
  [
    122.09097725790383,
    30.121019798071337,
    138.85857502255143
  ],
  [
    122.09143682817829,
    30.120644488093156,
    135.65351017848477
  ],
  [
    122.09192513810855,
    30.12027399784695,
    132.07946352369382
  ],
  [
    122.09244573069196,
    30.119958562887735,
    128.09391529822037
  ],
  [
    122.09299845378933,
    30.119716156718006,
    123.64950659655999
  ],
  [
    122.09356438967713,
    30.119679521849715,
    118.69350554318716
  ]
]
  UAV ID: agent_1_3,traj len: 15 ,Trajectory :
 [
  [
    122.08852912795899,
    37.5530199614527,
    160.00000328290835
  ],
  [
    122.08889640907833,
    37.55273020023186,
    148.35951493852383
  ],
  [
    122.08932645031165,
    37.5524037011738,
    147.01928024998807
  ],
  [
    122.08967757669846,
    37.55205811916033,
    145.52470188883495
  ],
  [
    122.09004651802117,
    37.55169821568295,
    143.85805205467292
  ],
  [
    122.0903903551006,
    37.551349415585015,
    141.99949716100664
  ],
  [
    122.09072859355831,
    37.55099206471026,
    139.92694647674892
  ],
  [
    122.09108723025714,
    37.55066461809629,
    137.61580369515443
  ],
  [
    122.09147966016934,
    37.55030133815969,
    135.03853530882984
  ],
  [
    122.09185978946225,
    37.54999941681329,
    132.16452205796762
  ],
  [
    122.09228000809281,
    37.549728328070245,
    128.95959908925056
  ],
  [
    122.09274376253023,
    37.54950509632446,
    125.3856855519181
  ],
  [
    122.0932613476245,
    37.54929122759062,
    121.4002666653677
  ],
  [
    122.09375799636851,
    37.54919204188109,
    116.95596509765801
  ],
  [
    122.09433481415677,
    37.54914280135311,
    112.00001151958024
  ]
]
  UAV ID: agent_1_4,traj len: 15 ,Trajectory :
 [
  [
    122.08828102898096,
    44.72481198084929,
    166.96890656938785
  ],
  [
    122.086932987802,
    44.72603202434495,
    155.326851296255
  ],
  [
    122.08760854424835,
    44.725611262202094,
    153.98668880352608
  ],
  [
    122.0881727031032,
    44.725155256539594,
    152.4922486080018
  ],
  [
    122.08870674826396,
    44.724679701018,
    150.8257196402862
  ],
  [
    122.08920449581362,
    44.72417481934559,
    148.9673315553895
  ],
  [
    122.08963359091884,
    44.723648853028806,
    146.8949706976276
  ],
  [
    122.09005544674883,
    44.723150542546925,
    144.58393804975842
  ],
  [
    122.09049199644815,
    44.722664918480355,
    142.00682651372495
  ],
  [
    122.09094946604445,
    44.72221319958323,
    139.1329761677829
  ],
  [
    122.09138454756908,
    44.72180569441085,
    135.9282057608115
  ],
  [
    122.09190111671633,
    44.72142403863812,
    132.35442895420496
  ],
  [
    122.09240827882414,
    44.72111924119931,
    128.36914710811507
  ],
  [
    122.09296909532215,
    44.720892199807686,
    123.92498614345037
  ],
  [
    122.09354247516926,
    44.720825242738314,
    118.96899788527098
  ]
]
  UAV ID: agent_1_5,traj len: 15 ,Trajectory :
 [
  [
    122.0880323785663,
    51.86373886396857,
    173.9715227211178
  ],
  [
    122.0849289416929,
    51.86647261455869,
    162.32794453012664
  ],
  [
    122.08587980881038,
    51.86600736403796,
    160.98785261340367
  ],
  [
    122.0866987914392,
    51.86540938939669,
    159.49352637873264
  ],
  [
    122.08738530260611,
    51.86479380972299,
    157.8271350322903
  ],
  [
    122.08802951714038,
    51.86411728033262,
    155.96888257496462
  ],
  [
    122.08854364853804,
    51.86346074903147,
    153.8966750925526
  ],
  [
    122.08905614122449,
    51.86281849948495,
    151.58583811721084
  ],
  [
    122.0895360454267,
    51.86216595163126,
    149.0088526277396
  ],
  [
    122.09001399716773,
    51.86157520024937,
    146.1351613953094
  ],
  [
    122.09049076887254,
    51.861010739463055,
    142.9305143809586
  ],
  [
    122.09099729860947,
    51.86052123616687,
    139.35689491129665
  ],
  [
    122.09156844121618,
    51.86006636402367,
    135.3717319738828
  ],
  [
    122.09216129398905,
    51.85974458839384,
    130.92769387160098
  ],
  [
    122.09274407368602,
    51.859663208403916,
    125.97171967290674
  ]
]

Generating formation for segment 3_0 -> 3_1 with UAV IDs: ['agent_1_0', 'agent_1_1', 'agent_1_2', 'agent_1_3', 'agent_1_4', 'agent_1_5', 'agent_2_0', 'agent_2_1', 'agent_2_2', 'agent_2_3', 'agent_2_4', 'agent_2_5', 'agent_2_6', 'agent_2_7']
Segment 3_0 -> 3_1 formation trajectories:
  UAV ID: agent_1_0,traj len: 15 ,Trajectory :
 [
  [
    122.09397950041947,
    17.144928572825712,
    133.9924720602688
  ],
  [
    122.09425477334052,
    17.144639924950408,
    114.13666867263446
  ],
  [
    122.09450344540333,
    17.14436557530238,
    98.19218749742556
  ],
  [
    122.0946962490221,
    17.144116678190002,
    85.38858199396022
  ],
  [
    122.09484296821311,
    17.143895244638696,
    75.10714323480211
  ],
  [
    122.0949338821912,
    17.143732599566448,
    66.85108127652425
  ],
  [
    122.09490595025422,
    17.14359316033353,
    60.22141529194531
  ],
  [
    122.09481029254037,
    17.143548670600445,
    54.897834554151736
  ],
  [
    122.09454685522437,
    17.143550585063036,
    50.62300284947489
  ],
  [
    122.09405464476481,
    17.143597545824566,
    47.19036782615175
  ],
  [
    122.09320757808378,
    17.143667355157696,
    44.43401198772838
  ],
  [
    122.09198151155042,
    17.14370110752287,
    42.22060405763325
  ],
  [
    122.09013951853969,
    17.14362806939882,
    40.443153814571005
  ],
  [
    122.09651480052248,
    17.13968310499138,
    39.01224695389316
  ],
  [
    122.09709638156883,
    17.139433648635578,
    33.19283160202139
  ]
]
  UAV ID: agent_1_1,traj len: 15 ,Trajectory :
 [
  [
    122.0940620417588,
    18.574821496968717,
    129.35513117706745
  ],
  [
    122.09434043071914,
    18.574509080842912,
    109.49929573035907
  ],
  [
    122.09460796682359,
    18.57419558815633,
    93.55481580674824
  ],
  [
    122.09481809137314,
    18.573903171333466,
    80.75117607046505
  ],
  [
    122.09500313862017,
    18.5736082343974,
    70.46972083949521
  ],
  [
    122.09511057575342,
    18.57337053575358,
    62.21365297181319
  ],
  [
    122.0951465177072,
    18.573180081899416,
    55.58398641134175
  ],
  [
    122.09514289228497,
    18.57303213537004,
    50.260342007538384
  ],
  [
    122.09498300672549,
    18.572928694009203,
    45.985500040479494
  ],
  [
    122.09466363049403,
    18.57289759748078,
    42.55283199968742
  ],
  [
    122.09410153063232,
    18.572862271229546,
    39.796440065716006
  ],
  [
    122.09319687296392,
    18.57280804072607,
    37.583007551941925
  ],
  [
    122.09183506204506,
    18.572678156137453,
    35.80556301175108
  ],
  [
    122.0969760414971,
    18.569498172731468,
    34.374867077166115
  ],
  [
    122.09756019872303,
    18.569250426032248,
    28.555450997237077
  ]
]
  UAV ID: agent_1_2,traj len: 15 ,Trajectory :
 [
  [
    122.09407276294499,
    22.77424827478023,
    127.52052472554938
  ],
  [
    122.0943991794201,
    22.77392591921991,
    107.66467623143534
  ],
  [
    122.09464585481138,
    22.773577273173274,
    91.72016534120198
  ],
  [
    122.09486161059817,
    22.77327882949728,
    78.9165030259927
  ],
  [
    122.0950534242835,
    22.77298780420112,
    68.6349910777638
  ],
  [
    122.09517225509494,
    22.772730395533515,
    60.37884946675652
  ],
  [
    122.09525986513452,
    22.772485318049657,
    53.749105222619036
  ],
  [
    122.09526267951605,
    22.77228723265609,
    48.42538049563096
  ],
  [
    122.09515505590979,
    22.772161998270427,
    44.15045727952585
  ],
  [
    122.09491753462373,
    22.7720777151587,
    40.71769164801306
  ],
  [
    122.09443475145235,
    22.77200744495119,
    37.96120601300164
  ],
  [
    122.09366987194518,
    22.771919865852073,
    35.74771632476332
  ],
  [
    122.09251357098485,
    22.771762286151027,
    33.97020255298987
  ],
  [
    122.09716569515997,
    22.768884451003697,
    32.5401707066671
  ],
  [
    122.09775824946088,
    22.76866444276974,
    26.720786905684406
  ]
]
  UAV ID: agent_1_3,traj len: 15 ,Trajectory :
 [
  [
    122.09413681527946,
    25.889559714458144,
    124.56708339853628
  ],
  [
    122.09444084412549,
    25.889213099088725,
    104.71122442920407
  ],
  [
    122.09472232268165,
    25.888846683133632,
    88.76668623149328
  ],
  [
    122.09494508710519,
    25.888498600329218,
    75.96298268153338
  ],
  [
    122.0951486686449,
    25.888152579695163,
    65.68143819996888
  ],
  [
    122.09530194749019,
    25.887868856806808,
    57.42525460307526
  ],
  [
    122.09542112537758,
    25.887604603096786,
    50.79545611718538
  ],
  [
    122.09546369883272,
    25.887338415127942,
    45.47168952837469
  ],
  [
    122.09544976809298,
    25.887146806290847,
    41.19668918357212
  ],
  [
    122.09529593208832,
    25.886993191084755,
    37.76386279411708
  ],
  [
    122.09500646485122,
    25.886860144450083,
    35.00730885673057
  ],
  [
    122.09443912643931,
    25.88672604942648,
    32.79373014724292
  ],
  [
    122.09359218497889,
    25.886519123315658,
    31.01616947192463
  ],
  [
    122.0974590887167,
    25.88411833703828,
    29.58670442037525
  ],
  [
    122.0980549831853,
    25.883915997612814,
    23.767304249277107
  ]
]
  UAV ID: agent_1_4,traj len: 15 ,Trajectory :
 [
  [
    122.09418738427802,
    28.943841565326235,
    121.55272970901565
  ],
  [
    122.09449927877154,
    28.94347706841226,
    101.69686188726631
  ],
  [
    122.09478514255234,
    28.94308784922899,
    85.7522984308565
  ],
  [
    122.09502422212087,
    28.942715658281497,
    72.94855249866747
  ],
  [
    122.09523851424404,
    28.942339765934435,
    62.667006632311775
  ],
  [
    122.0954208207685,
    28.941979297579927,
    54.41075355668612
  ],
  [
    122.09558527217877,
    28.941673667438895,
    47.780923161270366
  ],
  [
    122.0956657914178,
    28.941369594757045,
    42.45708867995969
  ],
  [
    122.09572690600251,
    28.94111242158465,
    38.18200988892522
  ],
  [
    122.09570024350582,
    28.940885103793107,
    34.74911466741403
  ],
  [
    122.09554274034332,
    28.940673963628086,
    31.992474933005838
  ],
  [
    122.09523120679837,
    28.94047868536633,
    29.778862772381547
  ],
  [
    122.094703698407,
    28.940247144173156,
    28.0012590985743
  ],
  [
    122.09777751095486,
    28.93834099722971,
    26.572310433593202
  ],
  [
    122.09835876011601,
    28.93811078282306,
    20.752904975789182
  ]
]
  UAV ID: agent_1_5,traj len: 15 ,Trajectory :
 [
  [
    122.09423417443325,
    31.812820186753274,
    118.36899674122903
  ],
  [
    122.09455802104846,
    31.812438173379622,
    98.51309653575724
  ],
  [
    122.09485571324386,
    31.81201402881333,
    82.56850346288813
  ],
  [
    122.09509623543946,
    31.81159878655065,
    69.76471715907482
  ],
  [
    122.09534523043511,
    31.811204787324957,
    59.483132580901504
  ],
  [
    122.09554217187775,
    31.810812988811314,
    51.22687076317274
  ],
  [
    122.09573483789579,
    31.810430326217634,
    44.596968966837565
  ],
  [
    122.09589260687603,
    31.81005975070364,
    39.273088759158355
  ],
  [
    122.09603210250046,
    31.809749813057458,
    34.99796077596435
  ],
  [
    122.09612438238447,
    31.809428493948907,
    31.56499228368051
  ],
  [
    122.09614745058602,
    31.809164625715407,
    28.808296612517534
  ],
  [
    122.09606567192412,
    31.80890950300026,
    26.594634803795362
  ],
  [
    122.0958643704473,
    31.808646796731907,
    24.816988939491253
  ],
  [
    122.0980988955652,
    31.80728523164932,
    23.388481898316574
  ],
  [
    122.0986679901889,
    31.807052719013672,
    17.569088717291358
  ]
]
  UAV ID: agent_2_0,traj len: 15 ,Trajectory :
 [
  [
    122.09427094701852,
    34.67075038031892,
    115.17525822492371
  ],
  [
    122.09462854849387,
    34.67035375925183,
    95.31933556880489
  ],
  [
    122.09490710959386,
    34.66991729833491,
    79.37472973934352
  ],
  [
    122.09517947150621,
    34.66947426105804,
    66.5709510572955
  ],
  [
    122.09545572854128,
    34.66901914968338,
    56.289282368326305
  ],
  [
    122.09565679826187,
    34.66858663744473,
    48.03298751096143
  ],
  [
    122.09589108448966,
    34.66816552371097,
    41.40305330189029
  ],
  [
    122.09612625781968,
    34.66774728619452,
    36.07909473131312
  ],
  [
    122.09631558652305,
    34.667332127330496,
    31.80392788315769
  ],
  [
    122.09654281152828,
    34.666966499469595,
    28.37088879624161
  ],
  [
    122.09674442904097,
    34.66662067059959,
    25.61413463926315
  ],
  [
    122.0969125386339,
    34.66629158839466,
    23.40039479605655
  ],
  [
    122.0970306032837,
    34.665997202736186,
    21.622734908197984
  ],
  [
    122.09839926327373,
    34.66516436718002,
    20.194730075211137
  ],
  [
    122.09900543769486,
    34.66492229039118,
    14.37532025252601
  ]
]
  UAV ID: agent_2_1,traj len: 15 ,Trajectory :
 [
  [
    122.09436278977572,
    37.54915438760801,
    111.99998977250725
  ],
  [
    122.09467115205058,
    37.54868680528535,
    92.14407265554046
  ],
  [
    122.09498565448125,
    37.5482314250293,
    76.1994031880201
  ],
  [
    122.09527923192427,
    37.54777218870558,
    63.39557502489274
  ],
  [
    122.09553648803745,
    37.547290577356385,
    53.1139325989608
  ],
  [
    122.09579573411705,
    37.54680013221935,
    44.85756217351581
  ],
  [
    122.0960588032283,
    37.54631673268244,
    38.227586770454074
  ],
  [
    122.09634445303185,
    37.54582258922892,
    32.90357008082197
  ],
  [
    122.09664652659312,
    37.54535985698737,
    28.628340544675254
  ],
  [
    122.09696401352637,
    37.54493360870448,
    25.195245610908437
  ],
  [
    122.09730947615284,
    37.54450746495168,
    22.43842108355396
  ],
  [
    122.0977502543466,
    37.54412666127048,
    20.224624937665332
  ],
  [
    122.09820072414855,
    37.543773756839606,
    18.446921456216394
  ],
  [
    122.09873812495167,
    37.54348376764628,
    17.01938297279628
  ],
  [
    122.09931539901426,
    37.54323375937958,
    11.199986334310138
  ]
]
  UAV ID: agent_2_2,traj len: 15 ,Trajectory :
 [
  [
    122.09428471947069,
    40.451057416119866,
    115.15377092672281
  ],
  [
    122.0946232391466,
    40.45064131777348,
    95.29779806025101
  ],
  [
    122.09490962150763,
    40.45020666784809,
    79.35310940139414
  ],
  [
    122.09516642928962,
    40.44976910258573,
    66.54926540930474
  ],
  [
    122.09543084387346,
    40.44932248217704,
    56.267566125428374
  ],
  [
    122.09567534593513,
    40.44888236547619,
    48.011172267500704
  ],
  [
    122.09589943560857,
    40.44845616608766,
    41.38114351948009
  ],
  [
    122.09612017895236,
    40.44802579278669,
    36.057093216482734
  ],
  [
    122.0963526389378,
    40.4476504793898,
    31.781782711443824
  ],
  [
    122.09653052646821,
    40.44726940723498,
    28.348623094491554
  ],
  [
    122.09673552248626,
    40.446930531094644,
    25.59173124044446
  ],
  [
    122.09691361226125,
    40.446589586718886,
    23.377893504505007
  ],
  [
    122.09706585459182,
    40.4462704324782,
    21.60013395031141
  ],
  [
    122.09841601546798,
    40.44546922345688,
    20.173105401429147
  ],
  [
    122.09900272572625,
    40.44521622918548,
    14.353703586466208
  ]
]
  UAV ID: agent_2_3,traj len: 15 ,Trajectory :
 [
  [
    122.09423770970767,
    43.491858592433154,
    118.17686740479473
  ],
  [
    122.09456563734584,
    43.49144673046018,
    98.32087038220145
  ],
  [
    122.09485409568127,
    43.49106499561677,
    82.37616627797986
  ],
  [
    122.09509441827872,
    43.4906451859511,
    69.57229100910448
  ],
  [
    122.09533533792793,
    43.49021013620521,
    59.290554906321475
  ],
  [
    122.0955521890064,
    43.48983733205958,
    51.03412778297201
  ],
  [
    122.0957527640793,
    43.48944147622414,
    44.40402460417049
  ],
  [
    122.09590516811953,
    43.48908585685322,
    39.0799229858481
  ],
  [
    122.09605357913566,
    43.48875986582282,
    34.80454528348542
  ],
  [
    122.09612218274466,
    43.488450038862645,
    31.371329817498875
  ],
  [
    122.09617842710975,
    43.488166206119196,
    28.6143717856191
  ],
  [
    122.09611859720829,
    43.487901098151056,
    26.400448665960514
  ],
  [
    122.09592760167543,
    43.487630739167265,
    24.62266124407626
  ],
  [
    122.09811293857723,
    43.48628012113457,
    23.196141756245638
  ],
  [
    122.09870749603624,
    43.486048158888146,
    17.376730727990505
  ]
]
  UAV ID: agent_2_4,traj len: 15 ,Trajectory :
 [
  [
    122.09418956401153,
    46.60766034993083,
    121.12410040956466
  ],
  [
    122.09450652698337,
    46.60727433085063,
    101.26811402236363
  ],
  [
    122.09479023655189,
    46.606897521394835,
    85.32337364559227
  ],
  [
    122.09503870721036,
    46.606528127621395,
    72.51948476008371
  ],
  [
    122.0952605794568,
    46.60615101529911,
    62.23767392225715
  ],
  [
    122.09543672335926,
    46.605805479272554,
    53.981205238651526
  ],
  [
    122.0955790632428,
    46.605465482541995,
    47.351068053130774
  ],
  [
    122.09570967521122,
    46.60513290648829,
    42.02691878315795
  ],
  [
    122.09575940399809,
    46.604879221967636,
    37.7514795635807
  ],
  [
    122.09574510601963,
    46.60463414919953,
    34.31817758071436
  ],
  [
    122.09564078517009,
    46.604419674345394,
    31.561125677978872
  ],
  [
    122.09536595608444,
    46.604207003696395,
    29.347184511606983
  ],
  [
    122.09486722584217,
    46.60398090769603,
    27.56932531735142
  ],
  [
    122.09781493861426,
    46.602163881771524,
    26.143346725125916
  ],
  [
    122.09839644740367,
    46.60191629092612,
    20.323946315613412
  ]
]
  UAV ID: agent_2_5,traj len: 15 ,Trajectory :
 [
  [
    122.09413264293168,
    49.636926205448226,
    124.1557824553379
  ],
  [
    122.0944497275516,
    49.63656756663494,
    104.29974912310851
  ],
  [
    122.09473320975128,
    49.63621201308047,
    88.35500392127716
  ],
  [
    122.09495153859497,
    49.63585575244233,
    75.55106453223081
  ],
  [
    122.09517028942595,
    49.63549556428868,
    65.26925707381433
  ],
  [
    122.09531996129307,
    49.635215895295325,
    57.01272568470652
  ],
  [
    122.09543326199322,
    49.63492181234532,
    50.38254352637557
  ],
  [
    122.09549876566422,
    49.63465307370074,
    45.05832677803493
  ],
  [
    122.09548264280045,
    49.634461406173294,
    40.78281226104734
  ],
  [
    122.09535325827072,
    49.634289369168876,
    37.34944632311127
  ],
  [
    122.09507758809687,
    49.634149740979495,
    34.59233799424109
  ],
  [
    122.09456225480258,
    49.634006108387766,
    32.378320482256115
  ],
  [
    122.09376581981726,
    49.63380800399328,
    30.600459779841984
  ],
  [
    122.09751608184592,
    49.63146361533256,
    29.17495317965919
  ],
  [
    122.09807973311351,
    49.63125212436772,
    23.355546724219828
  ]
]
  UAV ID: agent_2_6,traj len: 15 ,Trajectory :
 [
  [
    122.09409541658714,
    52.28683063599025,
    127.55583702121069
  ],
  [
    122.09439202071252,
    52.286485147908394,
    107.69981694427427
  ],
  [
    122.09464134763176,
    52.28615067235576,
    91.75502200372425
  ],
  [
    122.09484723055607,
    52.28583966428049,
    78.9510777981427
  ],
  [
    122.09503961974146,
    52.28553249269727,
    68.66922645031383
  ],
  [
    122.09515663608346,
    52.285253624608565,
    60.41266871430078
  ],
  [
    122.09525417675769,
    52.28505720247614,
    53.7824324041075
  ],
  [
    122.09525518447586,
    52.28487748551126,
    48.45816101573463
  ],
  [
    122.09515136305956,
    52.28472678527052,
    44.182605358322384
  ],
  [
    122.09487419210913,
    52.28464064092841,
    40.74916708771734
  ],
  [
    122.09442690029125,
    52.284566158907886,
    37.99199652932109
  ],
  [
    122.09366746587125,
    52.28447984728163,
    35.777954800513314
  ],
  [
    122.09248965651749,
    52.28435193920515,
    34.00005368845645
  ],
  [
    122.09716129719696,
    52.28142766854094,
    32.57498287517593
  ],
  [
    122.09777096393375,
    52.281207306945724,
    26.755611467342508
  ]
]
  UAV ID: agent_2_7,traj len: 15 ,Trajectory :
 [
  [
    122.0940073198459,
    55.510017066476045,
    130.40190942431028
  ],
  [
    122.09432886594351,
    55.50971868870441,
    110.54586288046747
  ],
  [
    122.09458779078567,
    55.50941813119874,
    94.60106692113993
  ],
  [
    122.09480044195293,
    55.509109068906966,
    81.79706615584871
  ],
  [
    122.09495806975123,
    55.50887098513296,
    71.51517159561993
  ],
  [
    122.09506338508756,
    55.50865120122671,
    63.25856821512615
  ],
  [
    122.09510394439462,
    55.50844925455361,
    56.62830306797742
  ],
  [
    122.09506100121429,
    55.50833640146041,
    51.30395131703112
  ],
  [
    122.09488113382068,
    55.50823494635864,
    47.02832609390547
  ],
  [
    122.09453286223508,
    55.50822120661023,
    43.59483262659175
  ],
  [
    122.09390394352478,
    55.508204800268736,
    40.83758429984661
  ],
  [
    122.09291770007442,
    55.5081850571998,
    38.623454876212186
  ],
  [
    122.09144746504555,
    55.50806250053056,
    36.845519391839495
  ],
  [
    122.09688408641178,
    55.5046841942836,
    35.42100293689357
  ],
  [
    122.09746790297673,
    55.50445864538814,
    29.601610196134924
  ]
]

Generating formation for segment 3_1 -> 6_1 with UAV IDs: ['agent_1_2', 'agent_1_5', 'agent_2_0']
Segment 3_1 -> 6_1 formation trajectories:
  UAV ID: agent_1_2,traj len: 15 ,Trajectory :
 [
  [
    122.09932120318379,
    58.95582484481864,
    -11.211927615009074
  ],
  [
    122.09932432012921,
    58.9558208490259,
    -1.911929427251402
  ],
  [
    122.0992957037469,
    58.955834418051154,
    7.388044236906078
  ],
  [
    122.09930638307698,
    58.95584252679376,
    16.68807831513587
  ],
  [
    122.0993244449678,
    58.95583070998864,
    25.98806059647011
  ],
  [
    122.09932199542823,
    58.955822979014194,
    35.28808017983247
  ],
  [
    122.09932063212642,
    58.95584526957486,
    44.588069612408
  ],
  [
    122.09932303458882,
    58.9558369795455,
    53.8880469851745
  ],
  [
    122.09932205553243,
    58.95582123158116,
    63.18806626812396
  ],
  [
    122.09932842381455,
    58.95583424612574,
    72.4880621199413
  ],
  [
    122.09932767840081,
    58.955824278349965,
    81.78808782409087
  ],
  [
    122.09933270734717,
    58.95582812826279,
    91.08808075467945
  ],
  [
    122.09931656212751,
    58.95582978681076,
    100.38805685336914
  ],
  [
    122.0993294988849,
    58.95582853413207,
    109.68807016883422
  ],
  [
    122.09931824460553,
    58.955820066397976,
    118.98805640794643
  ]
]
  UAV ID: agent_1_5,traj len: 15 ,Trajectory :
 [
  [
    122.09931461738226,
    37.54324472135736,
    9.800000540456306
  ],
  [
    122.0993448162345,
    37.543249620109066,
    19.09999752280539
  ],
  [
    122.09932526158231,
    37.54325468032104,
    28.400007051968526
  ],
  [
    122.09931315051561,
    37.543242438284565,
    37.700006354755025
  ],
  [
    122.09931148466949,
    37.54323691035176,
    46.999995245472775
  ],
  [
    122.09931847794398,
    37.54325116863044,
    56.300003573953404
  ],
  [
    122.0993263332058,
    37.543241410475375,
    65.60001257422057
  ],
  [
    122.09931736257917,
    37.543244380953425,
    74.90000800997812
  ],
  [
    122.09931047064332,
    37.543235992134164,
    84.19999075350336
  ],
  [
    122.09932982966414,
    37.54323564722624,
    93.50000892639994
  ],
  [
    122.09932298523867,
    37.543240246039225,
    102.80000321093227
  ],
  [
    122.09931090520578,
    37.54324264120607,
    112.10001283675358
  ],
  [
    122.09933294697093,
    37.54323703003646,
    121.40000077741608
  ],
  [
    122.09931947637624,
    37.54323835688412,
    130.69998940079813
  ],
  [
    122.09932773933116,
    37.543229791866544,
    139.9999982444617
  ]
]
  UAV ID: agent_2_0,traj len: 15 ,Trajectory :
 [
  [
    122.09931540699871,
    17.227102474028833,
    -12.27384770037118
  ],
  [
    122.0993139364995,
    17.22708735338674,
    -2.9738504111681117
  ],
  [
    122.09930598600111,
    17.227087219836903,
    6.326173573184011
  ],
  [
    122.09931488465172,
    17.22709282899758,
    15.626141716578811
  ],
  [
    122.09934120666983,
    17.227076195620477,
    24.926188498556876
  ],
  [
    122.09931757931496,
    17.22708619737767,
    34.22616410414824
  ],
  [
    122.09934249540919,
    17.227085245248922,
    43.52616532649705
  ],
  [
    122.09932654597281,
    17.227105418881322,
    52.826150596931555
  ],
  [
    122.09933261959519,
    17.22707563690228,
    62.12617291638903
  ],
  [
    122.09932501203082,
    17.2271122771004,
    71.42615443517981
  ],
  [
    122.09932580268925,
    17.22709693341306,
    80.72616956641959
  ],
  [
    122.0993366899878,
    17.227092858140477,
    90.02616569716646
  ],
  [
    122.09932055926049,
    17.227099497465368,
    99.32617434979458
  ],
  [
    122.09933226874281,
    17.22709486287952,
    108.62616291442919
  ],
  [
    122.09933480802745,
    17.22708466692033,
    117.92616880522044
  ]
]

Generating formation for segment 6_1 -> 6_2 with UAV IDs: ['agent_1_2', 'agent_1_5', 'agent_2_0']
Segment 6_1 -> 6_2 formation trajectories:
  UAV ID: agent_1_2,traj len: 15 ,Trajectory :
 [
  [
    122.10007255114508,
    15.869747798289085,
    160.74268834929305
  ],
  [
    122.09956411790156,
    15.869637643973528,
    143.96960343260315
  ],
  [
    122.09905698186158,
    15.869628343855945,
    129.20607523582308
  ],
  [
    122.09856657129296,
    15.869656461278499,
    116.21126749418443
  ],
  [
    122.09809016717715,
    15.869728981156303,
    104.77336829356469
  ],
  [
    122.09766068395753,
    15.869854085249525,
    94.70582645742849
  ],
  [
    122.09724400301826,
    15.870034197966447,
    85.8445173416967
  ],
  [
    122.09689270803231,
    15.87024335032631,
    78.04489961266763
  ],
  [
    122.09656732883442,
    15.870509898510532,
    71.17983277927681
  ],
  [
    122.09626547900471,
    15.870844200347051,
    65.13742033296441
  ],
  [
    122.09598162780658,
    15.87125804005328,
    59.81916107409473
  ],
  [
    122.09574408780468,
    15.871775265561888,
    55.1383336278783
  ],
  [
    122.09546106051205,
    15.872482519515554,
    51.01868674783677
  ],
  [
    122.09168866056243,
    15.870129041743464,
    47.38969641140752
  ],
  [
    122.09106715545579,
    15.869568407907837,
    20.743154067085655
  ]
]
  UAV ID: agent_1_5,traj len: 15 ,Trajectory :
 [
  [
    122.09931334831512,
    37.543229440920804,
    139.99999845573905
  ],
  [
    122.09871239298019,
    37.54324999516667,
    123.22703448662449
  ],
  [
    122.09806922560331,
    37.54331522147879,
    108.46355052046063
  ],
  [
    122.09745928255609,
    37.54341607710761,
    95.46886645665484
  ],
  [
    122.09683919317273,
    37.54356494223038,
    84.03104342745172
  ],
  [
    122.09623799194503,
    37.54372371429018,
    73.96350802752907
  ],
  [
    122.09562540801497,
    37.5438703478892,
    65.10218105394111
  ],
  [
    122.09503299809288,
    37.54401253305259,
    57.30248698810892
  ],
  [
    122.09439433972399,
    37.54408302972429,
    50.43726997616151
  ],
  [
    122.09378263749065,
    37.54412563561252,
    44.39452420214793
  ],
  [
    122.0931392440678,
    37.54403780337698,
    39.07575966337293
  ],
  [
    122.09249923398318,
    37.54390990329824,
    34.39420920725019
  ],
  [
    122.09186175401653,
    37.54359397773794,
    30.273530908677852
  ],
  [
    122.09120187876064,
    37.543198614865446,
    26.646527666590217
  ],
  [
    122.09061183484631,
    37.54262206718375,
    8.006169132091064e-06
  ]
]
  UAV ID: agent_2_0,traj len: 15 ,Trajectory :
 [
  [
    122.10009401944424,
    59.000866548589684,
    160.96588204566342
  ],
  [
    122.09957681025297,
    59.000780968222585,
    144.19304639369702
  ],
  [
    122.09906824311615,
    59.00076036966751,
    129.42968439568594
  ],
  [
    122.09856957354836,
    59.00079236429799,
    116.4350481355834
  ],
  [
    122.0981003415231,
    59.000875525484375,
    104.99731063792571
  ],
  [
    122.09766743455386,
    59.00097969661916,
    94.92981193191677
  ],
  [
    122.09728698898971,
    59.0011772592552,
    86.06843280958238
  ],
  [
    122.0969267178722,
    59.00136646798429,
    78.26866211327416
  ],
  [
    122.09657462669036,
    59.00164514794926,
    71.40324806007727
  ],
  [
    122.09629646587166,
    59.00198857018919,
    65.36020774275399
  ],
  [
    122.09601542178618,
    59.00240246981359,
    60.04093319806099
  ],
  [
    122.09579185488674,
    59.002964731023575,
    55.35866089086669
  ],
  [
    122.0955015986573,
    59.003683835797474,
    51.23698113448039
  ],
  [
    122.09169250552446,
    59.00129093989214,
    47.61201370138039
  ],
  [
    122.09108386451052,
    59.00070473460771,
    20.965468607970937
  ]
]
